"","Fiscal.Year","IsCSISOCO","PlaceCountryText","Theater","Obligations"
"1",2012-01-01,"All Other","",NA,0.0622491187105785
"2",2012-01-01,"All Other","AFGHANISTAN","Afghanistan and Iraq",4.43628217806731
"3",2012-01-01,"All Other","ALBANIA","Rest of World",0.00447610816304083
"4",2012-01-01,"All Other","ALGERIA","Rest of World",0.0113322488026098
"5",2012-01-01,"All Other","ANGUILLA [UNITED KINGDOM]","Rest of World",0.000432015050741446
"6",2012-01-01,"All Other","ANTIGUA AND BARBUDA","Rest of World",-2.0025509757067e-05
"7",2012-01-01,"All Other","ARGENTINA","Rest of World",0.000460617702692644
"8",2012-01-01,"All Other","ARMENIA","Rest of World",0.0217444586561089
"9",2012-01-01,"All Other","AUSTRALIA","Rest of World",0.00599941216145798
"10",2012-01-01,"All Other","AUSTRIA","Rest of World",0.0112820931195213
"11",2012-01-01,"All Other","AZERBAIJAN","Rest of World",-0.00206202223584847
"12",2012-01-01,"All Other","BAHAMAS,THE","Rest of World",0.142743870641034
"13",2012-01-01,"All Other","BAHRAIN","Regional Support",0.296971997196892
"14",2012-01-01,"All Other","BANGLADESH","Rest of World",0.0223617324787657
"15",2012-01-01,"All Other","BARBADOS","Rest of World",0.0107097716276165
"16",2012-01-01,"All Other","BELGIUM","Rest of World",0.174077072072314
"17",2012-01-01,"All Other","BELIZE","Rest of World",0.00972100559949644
"18",2012-01-01,"All Other","BENIN","Rest of World",0.0023702346035547
"19",2012-01-01,"All Other","BERMUDA [UNITED KINGDOM]","Rest of World",7.5021763652056e-05
"20",2012-01-01,"All Other","BOLIVIA","Rest of World",0
"21",2012-01-01,"All Other","BOSNIA AND HERZEGOVINA","Rest of World",-0.0142667589603361
"22",2012-01-01,"All Other","BOTSWANA","Rest of World",0.000727696424174802
"23",2012-01-01,"All Other","BRAZIL","Rest of World",0.0466517782098457
"24",2012-01-01,"All Other","BRITISH INDIAN OCEAN TERRITORY [UNITED KINGDOM]","Rest of World",0.122001971772794
"25",2012-01-01,"All Other","BRITISH VIRGIN ISLANDS [UNITED KINGDOM]","Rest of World",3.09688955889034e-06
"26",2012-01-01,"All Other","BRUNEI","Rest of World",7.5214991312865e-05
"27",2012-01-01,"All Other","BULGARIA","Rest of World",0.0119526542017613
"28",2012-01-01,"All Other","BURKINA FASO","Rest of World",0.00098353206370809
"29",2012-01-01,"All Other","BURUNDI","Rest of World",8.73202698377639e-05
"30",2012-01-01,"All Other","CAMBODIA","Rest of World",0.0136266598584313
"31",2012-01-01,"All Other","CAMEROON","Rest of World",0.000884183557615862
"32",2012-01-01,"All Other","CANADA","Rest of World",0.731439702204226
"33",2012-01-01,"All Other","CAPE VERDE","Rest of World",0.000439694971894179
"34",2012-01-01,"All Other","CENTRAL AFRICAN REPUBLIC","Rest of World",0.0472074704923801
"35",2012-01-01,"All Other","CHILE","Rest of World",0.00225774401847695
"36",2012-01-01,"All Other","CHINA","Rest of World",0.00940967292901634
"37",2012-01-01,"All Other","COLOMBIA","Rest of World",0.0828985358242965
"38",2012-01-01,"All Other","COMOROS","Rest of World",3.92295952096428e-05
"39",2012-01-01,"All Other","CONGO,DEMOCRATIC REPUBLIC OF THE (KINSHASA)","Rest of World",0
"40",2012-01-01,"All Other","COSTA RICA","Rest of World",0.0398923028453346
"41",2012-01-01,"All Other","COTE DIVOIRE","Rest of World",0
"42",2012-01-01,"All Other","CROATIA","Rest of World",0.0239753079420026
"43",2012-01-01,"All Other","Cuba","Rest of World",0.156300625203192
"44",2012-01-01,"All Other","CYPRUS","Rest of World",0.0015021478446254
"45",2012-01-01,"All Other","CZECH REPUBLIC","Rest of World",0
"46",2012-01-01,"All Other","DENMARK","Rest of World",0.0100643415600453
"47",2012-01-01,"All Other","DJIBOUTI","Rest of World",0.300741566836216
"48",2012-01-01,"All Other","DOMINICAN REPUBLIC","Rest of World",0.00296217319002835
"49",2012-01-01,"All Other","EAST TIMOR (TIMOR-LESTE)","Rest of World",0.00229237949595803
"50",2012-01-01,"All Other","ECUADOR","Rest of World",0.00493912979830856
"51",2012-01-01,"All Other","EGYPT","Rest of World",0.251283255158821
"52",2012-01-01,"All Other","EL SALVADOR","Rest of World",0.00702184923465114
"53",2012-01-01,"All Other","ESTONIA","Rest of World",0.00266776583744029
"54",2012-01-01,"All Other","ETHIOPIA","Rest of World",0.00837115600973947
"55",2012-01-01,"All Other","FIJI","Rest of World",4.55148920018732e-06
"56",2012-01-01,"All Other","FINLAND","Rest of World",0.00251994748106996
"57",2012-01-01,"All Other","FRANCE","Rest of World",0.528534587358386
"58",2012-01-01,"All Other","GABON","Rest of World",0.0230061202032782
"59",2012-01-01,"All Other","GAMBIA,THE","Rest of World",0.000127838860344309
"60",2012-01-01,"All Other","GEORGIA","Rest of World",0.0796224594332571
"61",2012-01-01,"All Other","GERMANY","Rest of World",2.93811941426624
"62",2012-01-01,"All Other","GHANA","Rest of World",0.00496489023774105
"63",2012-01-01,"All Other","GIBRALTAR [UNITED KINGDOM]","Rest of World",0.00347330204158961
"64",2012-01-01,"All Other","GREECE","Rest of World",0.452512471854839
"65",2012-01-01,"All Other","GREENLAND [DENMARK]","Rest of World",0.158867432111825
"66",2012-01-01,"All Other","GRENADA","Rest of World",0
"67",2012-01-01,"All Other","GUAM [United States]","Domestic",0.00167138880480451
"68",2012-01-01,"All Other","GUATEMALA","Rest of World",0.0175885332980167
"69",2012-01-01,"All Other","GUYANA","Rest of World",0.00104289120164115
"70",2012-01-01,"All Other","HAITI","Rest of World",0.00619161352484995
"71",2012-01-01,"All Other","HONDURAS","Rest of World",0.0686856174140406
"72",2012-01-01,"All Other","HONG KONG","Rest of World",0.000686142357153985
"73",2012-01-01,"All Other","HUNGARY","Rest of World",0.000811975162449401
"74",2012-01-01,"All Other","ICELAND","Rest of World",0.00500980681912621
"75",2012-01-01,"All Other","INDIA","Rest of World",0.0323726746880924
"76",2012-01-01,"All Other","INDONESIA","Rest of World",0.0114236364685931
"77",2012-01-01,"All Other","IRAN","Rest of World",0.000529932025161512
"78",2012-01-01,"All Other","IRAQ","Afghanistan and Iraq",0.837618462144435
"79",2012-01-01,"All Other","IRELAND","Rest of World",0.00382602955371299
"80",2012-01-01,"All Other","ISRAEL","Rest of World",0.15329544634621
"81",2012-01-01,"All Other","ITALY","Rest of World",0.630835928140037
"82",2012-01-01,"All Other","JAMAICA","Rest of World",0.00404195745242245
"83",2012-01-01,"All Other","JAPAN","Rest of World",1.83643507619531
"84",2012-01-01,"All Other","JORDAN","Rest of World",0.0326397785862439
"85",2012-01-01,"All Other","KAZAKHSTAN","Regional Support",0.0739345092070751
"86",2012-01-01,"All Other","KENYA","Rest of World",0.00431661675820598
"87",2012-01-01,"All Other","KIRIBATI","Rest of World",0.00292965447097064
"88",2012-01-01,"All Other","KUWAIT","Regional Support",1.94020656945059
"89",2012-01-01,"All Other","KYRGYZSTAN","Regional Support",1.27239802539413
"90",2012-01-01,"All Other","LAOS","Rest of World",0.00865537015211149
"91",2012-01-01,"All Other","LATVIA","Rest of World",0.00167040874269732
"92",2012-01-01,"All Other","LEBANON","Rest of World",0.00612225118849732
"93",2012-01-01,"All Other","LESOTHO","Rest of World",0.000138027999453984
"94",2012-01-01,"All Other","LIBERIA","Rest of World",0.00180568983020456
"95",2012-01-01,"All Other","LIBYA","Rest of World",0.00383033441132097
"96",2012-01-01,"All Other","LIECHTENSTEIN","Rest of World",1.71215240932591e-05
"97",2012-01-01,"All Other","LITHUANIA","Rest of World",0.0013945689280564
"98",2012-01-01,"All Other","LUXEMBOURG","Rest of World",0.000113952366061839
"99",2012-01-01,"All Other","MACEDONIA","Rest of World",0.000930266910598543
"100",2012-01-01,"All Other","MADAGASCAR","Rest of World",0.000115939766678443
"101",2012-01-01,"All Other","MALAWI","Rest of World",0.00185802866006119
"102",2012-01-01,"All Other","MALAYSIA","Rest of World",0.00297252622727353
"103",2012-01-01,"All Other","MALDIVES","Rest of World",0.000287312104059477
"104",2012-01-01,"All Other","MALI","Rest of World",0.00186474465755087
"105",2012-01-01,"All Other","MALTA","Rest of World",0.000182943319456213
"106",2012-01-01,"All Other","MARSHALL ISLANDS","Rest of World",0.0434668477105175
"107",2012-01-01,"All Other","MAURITANIA","Rest of World",0.000110782882179244
"108",2012-01-01,"All Other","MAURITIUS","Rest of World",-1.5640856358032e-06
"109",2012-01-01,"All Other","MEXICO","Rest of World",0.0374653971836509
"110",2012-01-01,"All Other","MICRONESIA,FEDERATED STATES OF","Rest of World",0.00125748652066046
"111",2012-01-01,"All Other","MOLDOVA","Rest of World",0.0154461580892695
"112",2012-01-01,"All Other","MONGOLIA","Rest of World",0.00089984272243044
"113",2012-01-01,"All Other","MONTENEGRO","Rest of World",3.98268214979229e-05
"114",2012-01-01,"All Other","MOROCCO","Rest of World",0.00226930833056107
"115",2012-01-01,"All Other","MOZAMBIQUE","Rest of World",0
"116",2012-01-01,"All Other","NAMIBIA","Rest of World",-3.37819557410834e-06
"117",2012-01-01,"All Other","NEPAL","Rest of World",0.00230032979121011
"118",2012-01-01,"All Other","NETHERLANDS","Rest of World",0.0540751007791729
"119",2012-01-01,"All Other","NEW CALEDONIA [FRANCE]","Rest of World",0.000100440365912496
"120",2012-01-01,"All Other","NEW ZEALAND","Rest of World",0.0587955392338145
"121",2012-01-01,"All Other","NICARAGUA","Rest of World",0.00296038907445601
"122",2012-01-01,"All Other","NIGER","Rest of World",-1.04272375720214e-05
"123",2012-01-01,"All Other","NIGERIA","Rest of World",0.00202553740738998
"124",2012-01-01,"All Other","NORTH KOREA","Rest of World",0
"125",2012-01-01,"All Other","NORWAY","Rest of World",0.0100614641333897
"126",2012-01-01,"All Other","OMAN","Rest of World",0.199170386041141
"127",2012-01-01,"All Other","PAKISTAN","Regional Support",0.0170833568814246
"128",2012-01-01,"All Other","PALAU","Rest of World",0.00521730320838499
"129",2012-01-01,"All Other","PANAMA","Rest of World",0.0039070440659116
"130",2012-01-01,"All Other","PAPUA NEW GUINEA","Rest of World",0.00214219415947421
"131",2012-01-01,"All Other","PARAGUAY","Rest of World",0.000331782534187917
"132",2012-01-01,"All Other","PERU","Rest of World",0.013734030058408
"133",2012-01-01,"All Other","PHILIPPINES","Rest of World",0.114781807671807
"134",2012-01-01,"All Other","POLAND","Rest of World",0.000642804214392876
"135",2012-01-01,"All Other","PORTUGAL","Rest of World",0.1032313174503
"136",2012-01-01,"All Other","PUERTO RICO [UNITED STATES]","Domestic",2.51106441217153e-05
"137",2012-01-01,"All Other","QATAR","Regional Support",0.531746794510918
"138",2012-01-01,"All Other","ROMANIA","Rest of World",0.0247076094441839
"139",2012-01-01,"All Other","RUSSIA","Rest of World",0.338215780398448
"140",2012-01-01,"All Other","RWANDA","Rest of World",0
"141",2012-01-01,"All Other","SAINT HELENA [UNITED KINGDOM]","Rest of World",0.00587225731225754
"142",2012-01-01,"All Other","SAINT KITTS AND NEVIS","Rest of World",0.00199047295471072
"143",2012-01-01,"All Other","SAINT PIERRE AND MIQUELON [FRANCE]","Rest of World",7.47636041230728e-06
"144",2012-01-01,"All Other","SAMOA","Rest of World",0.000470311687534087
"145",2012-01-01,"All Other","SAO TOME AND PRINCIPE","Rest of World",0.00574243624333103
"146",2012-01-01,"All Other","SAUDI ARABIA","Rest of World",0.546822522965164
"147",2012-01-01,"All Other","SENEGAL","Rest of World",0.00700817983170111
"148",2012-01-01,"All Other","SERBIA","Rest of World",0.000172761136669539
"149",2012-01-01,"All Other","SEYCHELLES","Rest of World",0.000508326580158988
"150",2012-01-01,"All Other","SIERRA LEONE","Rest of World",0.00129878953598306
"151",2012-01-01,"All Other","SINGAPORE","Rest of World",0.231477982568897
"152",2012-01-01,"All Other","SLOVAKIA","Rest of World",1.3539151946074e-05
"153",2012-01-01,"All Other","SLOVENIA","Rest of World",9.99346448902527e-06
"154",2012-01-01,"All Other","SOLOMON ISLANDS","Rest of World",0.000933425452972208
"155",2012-01-01,"All Other","SOMALIA","Rest of World",0.000238392718990338
"156",2012-01-01,"All Other","SOUTH AFRICA","Rest of World",0.0303079932498402
"157",2012-01-01,"All Other","SOUTH KOREA","Rest of World",2.12435854431532
"158",2012-01-01,"All Other","SPAIN","Rest of World",0.24148297275096
"159",2012-01-01,"All Other","SRI LANKA","Rest of World",8.1210350318343e-05
"160",2012-01-01,"All Other","SUDAN","Rest of World",0.000126701363737632
"161",2012-01-01,"All Other","SWEDEN","Rest of World",0.185823370649424
"162",2012-01-01,"All Other","SWITZERLAND","Rest of World",4.1403572975495
"163",2012-01-01,"All Other","TAIWAN,PROVINCE OF CHINA","Rest of World",0.00379157833198469
"164",2012-01-01,"All Other","TAJIKISTAN","Regional Support",0.00859312649262191
"165",2012-01-01,"All Other","TANZANIA","Rest of World",5.12762413776742e-05
"166",2012-01-01,"All Other","THAILAND","Rest of World",0.101540796327174
"167",2012-01-01,"All Other","TOGO","Rest of World",0.00244351448622175
"168",2012-01-01,"All Other","TONGA","Rest of World",0.000184812474051754
"169",2012-01-01,"All Other","TRINIDAD AND TOBAGO","Rest of World",-2.41927542100016e-06
"170",2012-01-01,"All Other","TUNISIA","Rest of World",0.00299604148798878
"171",2012-01-01,"All Other","TURKEY","Rest of World",0.202537252797634
"172",2012-01-01,"All Other","TURKMENISTAN","Regional Support",0.00430302316857217
"173",2012-01-01,"All Other","UGANDA","Rest of World",0.00707557259457239
"174",2012-01-01,"All Other","UKRAINE","Rest of World",0.075775993196386
"175",2012-01-01,"All Other","UNITED ARAB EMIRATES","Rest of World",1.39041735384441
"176",2012-01-01,"All Other","UNITED KINGDOM","Rest of World",0.694976877250642
"177",2012-01-01,"All Other","UNITED STATES","Domestic",324.104878261599
"178",2012-01-01,"All Other","URUGUAY","Rest of World",0.0026588184337373
"179",2012-01-01,"All Other","UZBEKISTAN","Regional Support",0.017879054926134
"180",2012-01-01,"All Other","VANUATU","Rest of World",0.000233804734458649
"181",2012-01-01,"All Other","VENEZUELA","Rest of World",0.000110799826440299
"182",2012-01-01,"All Other","VIETNAM","Rest of World",0.0130328771937215
"183",2012-01-01,"All Other","YEMEN","Rest of World",0.000536708752029804
"184",2012-01-01,"All Other","ZAMBIA","Rest of World",0.00908658061572177
"185",2012-01-01,"All Other","ZIMBABWE","Rest of World",0
"186",2012-01-01,"All Other",NA,NA,0.00520227749512474
"187",2012-01-01,"Confident OCO","",NA,9.42836677198792e-05
"188",2012-01-01,"Confident OCO","AFGHANISTAN","Afghanistan and Iraq",14.3737214650529
"189",2012-01-01,"Confident OCO","ALGERIA","Rest of World",0.00629839350689326
"190",2012-01-01,"Confident OCO","ANGUILLA [UNITED KINGDOM]","Rest of World",2.60680939300534e-07
"191",2012-01-01,"Confident OCO","AUSTRALIA","Rest of World",0.00396757178185681
"192",2012-01-01,"Confident OCO","AZERBAIJAN","Rest of World",0.0691978506489516
"193",2012-01-01,"Confident OCO","BAHRAIN","Regional Support",0.030691503477453
"194",2012-01-01,"Confident OCO","BELGIUM","Rest of World",0.000671950023338921
"195",2012-01-01,"Confident OCO","BOTSWANA","Rest of World",0.00780094266982471
"196",2012-01-01,"Confident OCO","BULGARIA","Rest of World",0
"197",2012-01-01,"Confident OCO","CANADA","Rest of World",0.012741380474474
"198",2012-01-01,"Confident OCO","COLOMBIA","Rest of World",0.000223371698821176
"199",2012-01-01,"Confident OCO","CROATIA","Rest of World",0
"200",2012-01-01,"Confident OCO","Cuba","Rest of World",0.00894656230978861
"201",2012-01-01,"Confident OCO","DJIBOUTI","Rest of World",0.0452991675327296
"202",2012-01-01,"Confident OCO","EAST TIMOR (TIMOR-LESTE)","Rest of World",-2.46374769351721e-05
"203",2012-01-01,"Confident OCO","ECUADOR","Rest of World",0.00015460694870507
"204",2012-01-01,"Confident OCO","EGYPT","Rest of World",0.000800086565987871
"205",2012-01-01,"Confident OCO","EL SALVADOR","Rest of World",0.000184666377400498
"206",2012-01-01,"Confident OCO","ESTONIA","Rest of World",0.000349125583066491
"207",2012-01-01,"Confident OCO","ETHIOPIA","Rest of World",0.00230815056286234
"208",2012-01-01,"Confident OCO","FRANCE","Rest of World",0.00643692401776149
"209",2012-01-01,"Confident OCO","GEORGIA","Rest of World",0.00152747658224136
"210",2012-01-01,"Confident OCO","GERMANY","Rest of World",0.0646475280121298
"211",2012-01-01,"Confident OCO","GREENLAND [DENMARK]","Rest of World",-8.63883191090016e-05
"212",2012-01-01,"Confident OCO","GUAM [United States]","Domestic",3.99258926632698e-06
"213",2012-01-01,"Confident OCO","GUATEMALA","Rest of World",0.000142866693879046
"214",2012-01-01,"Confident OCO","HONDURAS","Rest of World",0.0016289390771784
"215",2012-01-01,"Confident OCO","INDIA","Rest of World",0.00216635838121695
"216",2012-01-01,"Confident OCO","IRAQ","Afghanistan and Iraq",-0.239502719765676
"217",2012-01-01,"Confident OCO","IRELAND","Rest of World",-1.97244130534821e-05
"218",2012-01-01,"Confident OCO","ITALY","Rest of World",1.81310266715567e-05
"219",2012-01-01,"Confident OCO","JAPAN","Rest of World",0.141942764114157
"220",2012-01-01,"Confident OCO","JORDAN","Rest of World",0.0198116640373501
"221",2012-01-01,"Confident OCO","KAZAKHSTAN","Regional Support",0.00209045381854006
"222",2012-01-01,"Confident OCO","KENYA","Rest of World",0.00202600626406078
"223",2012-01-01,"Confident OCO","KUWAIT","Regional Support",0.589287360699366
"224",2012-01-01,"Confident OCO","KYRGYZSTAN","Regional Support",0.653326097901544
"225",2012-01-01,"Confident OCO","LEBANON","Rest of World",0.00111530958270755
"226",2012-01-01,"Confident OCO","MACEDONIA","Rest of World",0.000478065837584286
"227",2012-01-01,"Confident OCO","MOROCCO","Rest of World",0.00260739494756524
"228",2012-01-01,"Confident OCO","NORWAY","Rest of World",0.00159553341677146
"229",2012-01-01,"Confident OCO","OMAN","Rest of World",0.00870118461552064
"230",2012-01-01,"Confident OCO","PAKISTAN","Regional Support",-0.000327983679763234
"231",2012-01-01,"Confident OCO","PHILIPPINES","Rest of World",0.0113462287492364
"232",2012-01-01,"Confident OCO","POLAND","Rest of World",0.00336295676617153
"233",2012-01-01,"Confident OCO","QATAR","Regional Support",0.311482885109507
"234",2012-01-01,"Confident OCO","ROMANIA","Rest of World",0.011768687892095
"235",2012-01-01,"Confident OCO","SAUDI ARABIA","Rest of World",0.00511807187868779
"236",2012-01-01,"Confident OCO","SINGAPORE","Rest of World",1.32008094626989e-05
"237",2012-01-01,"Confident OCO","SOMALIA","Rest of World",0.000925254685981535
"238",2012-01-01,"Confident OCO","SOUTH KOREA","Rest of World",0.0578204833520325
"239",2012-01-01,"Confident OCO","SPAIN","Rest of World",0.00429091158219417
"240",2012-01-01,"Confident OCO","TANZANIA","Rest of World",0.000304989709500008
"241",2012-01-01,"Confident OCO","THAILAND","Rest of World",0.0059919490919155
"242",2012-01-01,"Confident OCO","TURKEY","Rest of World",0.0745086108000658
"243",2012-01-01,"Confident OCO","UGANDA","Rest of World",0.000902555616140239
"244",2012-01-01,"Confident OCO","UNITED ARAB EMIRATES","Rest of World",0.0307527207798817
"245",2012-01-01,"Confident OCO","UNITED KINGDOM","Rest of World",0.0141075477566464
"246",2012-01-01,"Confident OCO","UNITED STATES","Domestic",1.37552466026452
"247",2012-01-01,"Confident OCO","UZBEKISTAN","Regional Support",0.00518891196794565
"248",2013-01-01,"All Other","",NA,0.0850148144636259
"249",2013-01-01,"All Other","AFGHANISTAN","Afghanistan and Iraq",2.71880015402278
"250",2013-01-01,"All Other","ALBANIA","Rest of World",0.00439081278429961
"251",2013-01-01,"All Other","ALGERIA","Rest of World",0.00367590529094874
"252",2013-01-01,"All Other","AMERICAN SAMOA [UNITED STATES]","Domestic",4.63153974904951e-05
"253",2013-01-01,"All Other","ANTIGUA AND BARBUDA","Rest of World",0.000162253129719758
"254",2013-01-01,"All Other","ARGENTINA","Rest of World",-0.000847871434697823
"255",2013-01-01,"All Other","ARMENIA","Rest of World",0.0123145582946033
"256",2013-01-01,"All Other","ARUBA [NETHERLANDS]","Rest of World",5.99513503888145e-05
"257",2013-01-01,"All Other","AUSTRALIA","Rest of World",0.256223851803523
"258",2013-01-01,"All Other","AUSTRIA","Rest of World",0.000189556385894342
"259",2013-01-01,"All Other","AZERBAIJAN","Rest of World",0.025007581460046
"260",2013-01-01,"All Other","BAHAMAS,THE","Rest of World",0.115630144634588
"261",2013-01-01,"All Other","BAHRAIN","Regional Support",0.849819092458802
"262",2013-01-01,"All Other","BANGLADESH","Rest of World",0.00390782851172823
"263",2013-01-01,"All Other","BARBADOS","Rest of World",0.00419427166594052
"264",2013-01-01,"All Other","BELGIUM","Rest of World",0.0752593934285236
"265",2013-01-01,"All Other","BELIZE","Rest of World",0.00924956464452667
"266",2013-01-01,"All Other","BENIN","Rest of World",-9.0139129519107e-06
"267",2013-01-01,"All Other","BOLIVIA","Rest of World",-1.12217061964193e-05
"268",2013-01-01,"All Other","BOSNIA AND HERZEGOVINA","Rest of World",0.00531719421091455
"269",2013-01-01,"All Other","BOTSWANA","Rest of World",0.00107571637888207
"270",2013-01-01,"All Other","BRAZIL","Rest of World",0.000288368824932215
"271",2013-01-01,"All Other","BRITISH INDIAN OCEAN TERRITORY [UNITED KINGDOM]","Rest of World",0.0806457378761841
"272",2013-01-01,"All Other","BRUNEI","Rest of World",0.000144260050656365
"273",2013-01-01,"All Other","BULGARIA","Rest of World",0.0618611186552604
"274",2013-01-01,"All Other","BURKINA FASO","Rest of World",0.00881805228907924
"275",2013-01-01,"All Other","BURMA (MYANMAR)","Rest of World",1.29015244941573e-05
"276",2013-01-01,"All Other","BURUNDI","Rest of World",-3.55864356618219e-05
"277",2013-01-01,"All Other","CAMBODIA","Rest of World",0.00808234714437765
"278",2013-01-01,"All Other","CAMEROON","Rest of World",0.00273592071302921
"279",2013-01-01,"All Other","CANADA","Rest of World",0.551858122357812
"280",2013-01-01,"All Other","CENTRAL AFRICAN REPUBLIC","Rest of World",0.0325808930426257
"281",2013-01-01,"All Other","CHAD","Rest of World",9.26307949809902e-06
"282",2013-01-01,"All Other","CHILE","Rest of World",9.00577173426293e-07
"283",2013-01-01,"All Other","CHINA","Rest of World",-0.000228163820549811
"284",2013-01-01,"All Other","COLOMBIA","Rest of World",0.117676425692813
"285",2013-01-01,"All Other","COMOROS","Rest of World",-0.00149960438622541
"286",2013-01-01,"All Other","COSTA RICA","Rest of World",0.0264055577192508
"287",2013-01-01,"All Other","COTE DIVOIRE","Rest of World",-0.000477079378452965
"288",2013-01-01,"All Other","CROATIA","Rest of World",0.0186065142450127
"289",2013-01-01,"All Other","Cuba","Rest of World",0.120928522072825
"290",2013-01-01,"All Other","CYPRUS","Rest of World",0
"291",2013-01-01,"All Other","CZECH REPUBLIC","Rest of World",1.1567527831015e-05
"292",2013-01-01,"All Other","DENMARK","Rest of World",0.00773270799916688
"293",2013-01-01,"All Other","DJIBOUTI","Rest of World",0.413116227722196
"294",2013-01-01,"All Other","DOMINICA","Rest of World",0.000108574613259329
"295",2013-01-01,"All Other","DOMINICAN REPUBLIC","Rest of World",0.000583832252744335
"296",2013-01-01,"All Other","EAST TIMOR (TIMOR-LESTE)","Rest of World",0.00358755023054096
"297",2013-01-01,"All Other","ECUADOR","Rest of World",0.00188047529050283
"298",2013-01-01,"All Other","EGYPT","Rest of World",0.0599908742405093
"299",2013-01-01,"All Other","EL SALVADOR","Rest of World",0.0194234230542726
"300",2013-01-01,"All Other","ESTONIA","Rest of World",0.0016963979029162
"301",2013-01-01,"All Other","ETHIOPIA","Rest of World",0.00173501544462063
"302",2013-01-01,"All Other","FINLAND","Rest of World",0.00148123699641181
"303",2013-01-01,"All Other","FRANCE","Rest of World",0.88500812073595
"304",2013-01-01,"All Other","FRENCH POLYNESIA","Rest of World",4.79776056448762e-06
"305",2013-01-01,"All Other","GABON","Rest of World",0.0302862172688726
"306",2013-01-01,"All Other","GAMBIA,THE","Rest of World",9.84995733816691e-06
"307",2013-01-01,"All Other","GEORGIA","Rest of World",0.0443442365487828
"308",2013-01-01,"All Other","GERMANY","Rest of World",2.00895635657073
"309",2013-01-01,"All Other","GHANA","Rest of World",0.00196808596984214
"310",2013-01-01,"All Other","GIBRALTAR [UNITED KINGDOM]","Rest of World",0.00152717154753489
"311",2013-01-01,"All Other","GREECE","Rest of World",0.641363523212781
"312",2013-01-01,"All Other","GREENLAND [DENMARK]","Rest of World",0.149829263114245
"313",2013-01-01,"All Other","GRENADA","Rest of World",6.8297930509061e-05
"314",2013-01-01,"All Other","GUAM [United States]","Domestic",0.000259716339474869
"315",2013-01-01,"All Other","GUATEMALA","Rest of World",0.00543658035091781
"316",2013-01-01,"All Other","GUINEA","Rest of World",-6.85627722442222e-05
"317",2013-01-01,"All Other","GUYANA","Rest of World",-5.94483857566888e-06
"318",2013-01-01,"All Other","HAITI","Rest of World",0.000615714290284072
"319",2013-01-01,"All Other","HONDURAS","Rest of World",0.065590654654887
"320",2013-01-01,"All Other","HONG KONG","Rest of World",8.26066094097746e-05
"321",2013-01-01,"All Other","HUNGARY","Rest of World",0.000572346517905288
"322",2013-01-01,"All Other","ICELAND","Rest of World",0.00861750890283834
"323",2013-01-01,"All Other","INDIA","Rest of World",0.225819929489192
"324",2013-01-01,"All Other","INDONESIA","Rest of World",0.0060785922460046
"325",2013-01-01,"All Other","IRAN","Rest of World",0.00142303544174018
"326",2013-01-01,"All Other","IRAQ","Afghanistan and Iraq",0.505721893244754
"327",2013-01-01,"All Other","IRELAND","Rest of World",0.0178032645978115
"328",2013-01-01,"All Other","ISRAEL","Rest of World",0.250989474597431
"329",2013-01-01,"All Other","ITALY","Rest of World",0.504373814333543
"330",2013-01-01,"All Other","JAMAICA","Rest of World",0.000204481563904897
"331",2013-01-01,"All Other","JAPAN","Rest of World",1.41414461393076
"332",2013-01-01,"All Other","JORDAN","Rest of World",0.151274817225753
"333",2013-01-01,"All Other","KAZAKHSTAN","Regional Support",0.0910538975862321
"334",2013-01-01,"All Other","KENYA","Rest of World",0.0275003631744702
"335",2013-01-01,"All Other","KIRIBATI","Rest of World",4.6316251752271e-05
"336",2013-01-01,"All Other","KUWAIT","Regional Support",2.72754964639059
"337",2013-01-01,"All Other","KYRGYZSTAN","Regional Support",1.38464086242103
"338",2013-01-01,"All Other","LAOS","Rest of World",0.00385747548197686
"339",2013-01-01,"All Other","LATVIA","Rest of World",0.00140959908762043
"340",2013-01-01,"All Other","LEBANON","Rest of World",0.00124264131186976
"341",2013-01-01,"All Other","LIBERIA","Rest of World",0.000185637176958697
"342",2013-01-01,"All Other","LIBYA","Rest of World",0.0415636380477952
"343",2013-01-01,"All Other","LIECHTENSTEIN","Rest of World",0
"344",2013-01-01,"All Other","LITHUANIA","Rest of World",0.000926008165680411
"345",2013-01-01,"All Other","LUXEMBOURG","Rest of World",0.000298398486012645
"346",2013-01-01,"All Other","MACEDONIA","Rest of World",-0.00118639494626473
"347",2013-01-01,"All Other","MALAWI","Rest of World",0.0026397412322925
"348",2013-01-01,"All Other","MALAYSIA","Rest of World",0.00453629279281818
"349",2013-01-01,"All Other","MALDIVES","Rest of World",6.32266723762367e-05
"350",2013-01-01,"All Other","MALI","Rest of World",-0.00130275442650354
"351",2013-01-01,"All Other","MALTA","Rest of World",0.000167487181328606
"352",2013-01-01,"All Other","MARSHALL ISLANDS","Rest of World",0.0159173697882637
"353",2013-01-01,"All Other","MAURITANIA","Rest of World",0.00740304037241565
"354",2013-01-01,"All Other","MEXICO","Rest of World",0.0218099558059301
"355",2013-01-01,"All Other","MICRONESIA,FEDERATED STATES OF","Rest of World",0.00116168574345742
"356",2013-01-01,"All Other","MOLDOVA","Rest of World",0.0136283077391634
"357",2013-01-01,"All Other","MONACO","Rest of World",-3.2135269548594e-06
"358",2013-01-01,"All Other","MONGOLIA","Rest of World",0.00102871167447688
"359",2013-01-01,"All Other","MONTENEGRO","Rest of World",0.000676890960828895
"360",2013-01-01,"All Other","MOROCCO","Rest of World",0.00451061859326568
"361",2013-01-01,"All Other","MOZAMBIQUE","Rest of World",0
"362",2013-01-01,"All Other","NEPAL","Rest of World",0.000967716735259496
"363",2013-01-01,"All Other","NETHERLANDS","Rest of World",0.0380854671348142
"364",2013-01-01,"All Other","NEW CALEDONIA [FRANCE]","Rest of World",0.000688356522739257
"365",2013-01-01,"All Other","NEW ZEALAND","Rest of World",0.00383162670425276
"366",2013-01-01,"All Other","NICARAGUA","Rest of World",0.00102154360508424
"367",2013-01-01,"All Other","NIGER","Rest of World",0.00717309338847783
"368",2013-01-01,"All Other","NIGERIA","Rest of World",0.00398036001950648
"369",2013-01-01,"All Other","NORTHERN MARIANA ISLANDS [UNITED STATES]","Domestic",0.000116847490143703
"370",2013-01-01,"All Other","NORWAY","Rest of World",0.0155964591989775
"371",2013-01-01,"All Other","OMAN","Rest of World",0.159483150464568
"372",2013-01-01,"All Other","PAKISTAN","Regional Support",-0.00647747224418064
"373",2013-01-01,"All Other","PALAU","Rest of World",0.000398096794512163
"374",2013-01-01,"All Other","PANAMA","Rest of World",0.106009757921439
"375",2013-01-01,"All Other","PAPUA NEW GUINEA","Rest of World",0.00464549100688163
"376",2013-01-01,"All Other","PARAGUAY","Rest of World",0.000175236910359858
"377",2013-01-01,"All Other","PERU","Rest of World",0.0201583288157981
"378",2013-01-01,"All Other","PHILIPPINES","Rest of World",0.0864836459219891
"379",2013-01-01,"All Other","POLAND","Rest of World",0.00767577208992402
"380",2013-01-01,"All Other","PORTUGAL","Rest of World",0.0251863145962547
"381",2013-01-01,"All Other","PUERTO RICO [UNITED STATES]","Domestic",0.00207145289009995
"382",2013-01-01,"All Other","QATAR","Regional Support",0.246676930275397
"383",2013-01-01,"All Other","REPUBLIC OF SOUTH SUDAN","Rest of World",0.000192809455906348
"384",2013-01-01,"All Other","ROMANIA","Rest of World",0.114682596525827
"385",2013-01-01,"All Other","RUSSIA","Rest of World",0.55672548424014
"386",2013-01-01,"All Other","RWANDA","Rest of World",0.000247934072876467
"387",2013-01-01,"All Other","SAINT HELENA [UNITED KINGDOM]","Rest of World",0.00239837822333501
"388",2013-01-01,"All Other","SAINT KITTS AND NEVIS","Rest of World",-1.27398528799838e-05
"389",2013-01-01,"All Other","SAINT LUCIA","Rest of World",0.000227577200017507
"390",2013-01-01,"All Other","SAMOA","Rest of World",0.00212269990994599
"391",2013-01-01,"All Other","SAO TOME AND PRINCIPE","Rest of World",-0.000101004454170303
"392",2013-01-01,"All Other","SAUDI ARABIA","Rest of World",0.935307179772161
"393",2013-01-01,"All Other","SENEGAL","Rest of World",0.00162998971267092
"394",2013-01-01,"All Other","SERBIA","Rest of World",0.000245740359512795
"395",2013-01-01,"All Other","SEYCHELLES","Rest of World",0.00921590069926081
"396",2013-01-01,"All Other","SIERRA LEONE","Rest of World",0.00115681048179446
"397",2013-01-01,"All Other","SINGAPORE","Rest of World",0.0744992163908191
"398",2013-01-01,"All Other","SLOVAKIA","Rest of World",0.000630401098382208
"399",2013-01-01,"All Other","SOLOMON ISLANDS","Rest of World",0.000338275034605527
"400",2013-01-01,"All Other","SOMALIA","Rest of World",0.000607935907460238
"401",2013-01-01,"All Other","SOUTH AFRICA","Rest of World",0.00480505268709935
"402",2013-01-01,"All Other","SOUTH KOREA","Rest of World",2.17671281846102
"403",2013-01-01,"All Other","SPAIN","Rest of World",0.812320209092159
"404",2013-01-01,"All Other","SRI LANKA","Rest of World",0.000768681254853159
"405",2013-01-01,"All Other","SUDAN","Rest of World",0.000544518806754142
"406",2013-01-01,"All Other","SURINAME","Rest of World",9.85676981852223e-05
"407",2013-01-01,"All Other","SWAZILAND","Rest of World",0.0170277508028898
"408",2013-01-01,"All Other","SWEDEN","Rest of World",0.0410266828130513
"409",2013-01-01,"All Other","SWITZERLAND","Rest of World",2.14829532227289
"410",2013-01-01,"All Other","TAIWAN,PROVINCE OF CHINA","Rest of World",0.00215525517781134
"411",2013-01-01,"All Other","TAJIKISTAN","Regional Support",0.00900688558869565
"412",2013-01-01,"All Other","TANZANIA","Rest of World",0.00098381538076549
"413",2013-01-01,"All Other","THAILAND","Rest of World",0.0155153221874225
"414",2013-01-01,"All Other","TOGO","Rest of World",0.00185284150706713
"415",2013-01-01,"All Other","TONGA","Rest of World",0.00144205658882783
"416",2013-01-01,"All Other","TRINIDAD AND TOBAGO","Rest of World",-2.40206060620482e-06
"417",2013-01-01,"All Other","TUNISIA","Rest of World",9.28729318790705e-05
"418",2013-01-01,"All Other","TURKEY","Rest of World",0.181070063955142
"419",2013-01-01,"All Other","TURKMENISTAN","Regional Support",0.0135925580057023
"420",2013-01-01,"All Other","TURKS AND CAICOS ISLANDS [UNITED KINGDOM]","Rest of World",0.000302648685363379
"421",2013-01-01,"All Other","UGANDA","Rest of World",0.0107164739830171
"422",2013-01-01,"All Other","UKRAINE","Rest of World",0.0192525212136563
"423",2013-01-01,"All Other","UNITED ARAB EMIRATES","Rest of World",2.19050767967339
"424",2013-01-01,"All Other","UNITED KINGDOM","Rest of World",0.664426085108936
"425",2013-01-01,"All Other","UNITED STATES","Domestic",272.370437419195
"426",2013-01-01,"All Other","URUGUAY","Rest of World",-0.00029981212457485
"427",2013-01-01,"All Other","UZBEKISTAN","Regional Support",0.00469423611012448
"428",2013-01-01,"All Other","VENEZUELA","Rest of World",0.000116179601527269
"429",2013-01-01,"All Other","VIETNAM","Rest of World",0.00661582912982676
"430",2013-01-01,"All Other","VIRGIN ISLANDS [UNITED STATES]","Domestic",2.60386708538146e-05
"431",2013-01-01,"All Other","YEMEN","Rest of World",0
"432",2013-01-01,"All Other","ZAMBIA","Rest of World",0.00262480974509557
"433",2013-01-01,"All Other","ZIMBABWE","Rest of World",2.08769227266045e-05
"434",2013-01-01,"All Other",NA,NA,0.00963930008945294
"435",2013-01-01,"Confident OCO","",NA,6.5767864436503e-07
"436",2013-01-01,"Confident OCO","AFGHANISTAN","Afghanistan and Iraq",11.8797656542575
"437",2013-01-01,"Confident OCO","ALGERIA","Rest of World",0
"438",2013-01-01,"Confident OCO","AUSTRALIA","Rest of World",0.00325907446364413
"439",2013-01-01,"Confident OCO","AZERBAIJAN","Rest of World",0.0254895137040942
"440",2013-01-01,"Confident OCO","BAHRAIN","Regional Support",0.00928902517792698
"441",2013-01-01,"Confident OCO","BRITISH INDIAN OCEAN TERRITORY [UNITED KINGDOM]","Rest of World",0.0352703626334652
"442",2013-01-01,"Confident OCO","BULGARIA","Rest of World",-0.000132718438863323
"443",2013-01-01,"Confident OCO","CANADA","Rest of World",0.0291784091466232
"444",2013-01-01,"Confident OCO","CHILE","Rest of World",0.000268621071596429
"445",2013-01-01,"Confident OCO","CHINA","Rest of World",0.00109594758262917
"446",2013-01-01,"Confident OCO","COLOMBIA","Rest of World",4.93451758250439e-05
"447",2013-01-01,"Confident OCO","Cuba","Rest of World",0.0158744620512897
"448",2013-01-01,"Confident OCO","DJIBOUTI","Rest of World",0.052328456444113
"449",2013-01-01,"Confident OCO","EGYPT","Rest of World",0.0102753491755898
"450",2013-01-01,"Confident OCO","EL SALVADOR","Rest of World",0.00117212326822046
"451",2013-01-01,"Confident OCO","ETHIOPIA","Rest of World",0.000267004149608483
"452",2013-01-01,"Confident OCO","GEORGIA","Rest of World",0.00264607730217692
"453",2013-01-01,"Confident OCO","GERMANY","Rest of World",0.0263428559341282
"454",2013-01-01,"Confident OCO","GREENLAND [DENMARK]","Rest of World",0.0156416142413762
"455",2013-01-01,"Confident OCO","HONDURAS","Rest of World",-0.000833667418303128
"456",2013-01-01,"Confident OCO","IRAQ","Afghanistan and Iraq",0.017296529027776
"457",2013-01-01,"Confident OCO","ISRAEL","Rest of World",0.00359437350753006
"458",2013-01-01,"Confident OCO","ITALY","Rest of World",0.0105758329351822
"459",2013-01-01,"Confident OCO","JAPAN","Rest of World",0.144421672270494
"460",2013-01-01,"Confident OCO","JORDAN","Rest of World",0.0210333488235352
"461",2013-01-01,"Confident OCO","KENYA","Rest of World",-0.00191269598622902
"462",2013-01-01,"Confident OCO","KUWAIT","Regional Support",0.191234646697894
"463",2013-01-01,"Confident OCO","KYRGYZSTAN","Regional Support",0.582366246329664
"464",2013-01-01,"Confident OCO","MALAYSIA","Rest of World",0.000530033038358046
"465",2013-01-01,"Confident OCO","MARSHALL ISLANDS","Rest of World",-0.00269700707184246
"466",2013-01-01,"Confident OCO","MOROCCO","Rest of World",0.00235093594134664
"467",2013-01-01,"Confident OCO","NETHERLANDS","Rest of World",6.24438804047841e-05
"468",2013-01-01,"Confident OCO","NORWAY","Rest of World",0.000921355475233175
"469",2013-01-01,"Confident OCO","OMAN","Rest of World",0.0631985110913006
"470",2013-01-01,"Confident OCO","PAKISTAN","Regional Support",0.000214536883715536
"471",2013-01-01,"Confident OCO","PANAMA","Rest of World",0.000783199804258368
"472",2013-01-01,"Confident OCO","PHILIPPINES","Rest of World",0.0671595117069331
"473",2013-01-01,"Confident OCO","POLAND","Rest of World",0.00208213442496159
"474",2013-01-01,"Confident OCO","PORTUGAL","Rest of World",-0.00110332361844885
"475",2013-01-01,"Confident OCO","QATAR","Regional Support",0.17341115590869
"476",2013-01-01,"Confident OCO","ROMANIA","Rest of World",0.000676307880851421
"477",2013-01-01,"Confident OCO","SAUDI ARABIA","Rest of World",0.00249671306828627
"478",2013-01-01,"Confident OCO","SINGAPORE","Rest of World",-0.000682700198213022
"479",2013-01-01,"Confident OCO","SOUTH AFRICA","Rest of World",0.00391527151961268
"480",2013-01-01,"Confident OCO","SOUTH KOREA","Rest of World",0.137589867968305
"481",2013-01-01,"Confident OCO","SPAIN","Rest of World",0.000946000351099531
"482",2013-01-01,"Confident OCO","TANZANIA","Rest of World",3.78396797497345e-05
"483",2013-01-01,"Confident OCO","THAILAND","Rest of World",0.00339259844048523
"484",2013-01-01,"Confident OCO","TURKEY","Rest of World",0.00537281271469888
"485",2013-01-01,"Confident OCO","UGANDA","Rest of World",0.00295252687607383
"486",2013-01-01,"Confident OCO","UNITED ARAB EMIRATES","Rest of World",0.0290386312222436
"487",2013-01-01,"Confident OCO","UNITED KINGDOM","Rest of World",0.00851985177566009
"488",2013-01-01,"Confident OCO","UNITED STATES","Domestic",1.20575590227061
"489",2013-01-01,"Confident OCO","UZBEKISTAN","Regional Support",0.0138875504882604
"490",2014-01-01,"All Other","",NA,0.0340900759883687
"491",2014-01-01,"All Other","AFGHANISTAN","Afghanistan and Iraq",1.42206361037045
"492",2014-01-01,"All Other","ALBANIA","Rest of World",0.0024294913183688
"493",2014-01-01,"All Other","ALGERIA","Rest of World",0.000392737363294213
"494",2014-01-01,"All Other","AMERICAN SAMOA [UNITED STATES]","Domestic",0.0188426481644355
"495",2014-01-01,"All Other","ANTIGUA AND BARBUDA","Rest of World",0.00221420562500073
"496",2014-01-01,"All Other","ARGENTINA","Rest of World",-0.000225886594249319
"497",2014-01-01,"All Other","ARMENIA","Rest of World",0.0209953242389123
"498",2014-01-01,"All Other","ARUBA [NETHERLANDS]","Rest of World",0.000408376918028386
"499",2014-01-01,"All Other","AUSTRALIA","Rest of World",0.0153814796232424
"500",2014-01-01,"All Other","AUSTRIA","Rest of World",0.00602962811055925
"501",2014-01-01,"All Other","AZERBAIJAN","Rest of World",0.0140052176997997
"502",2014-01-01,"All Other","BAHAMAS,THE","Rest of World",0.69959933867312
"503",2014-01-01,"All Other","BAHRAIN","Regional Support",0.207166514724247
"504",2014-01-01,"All Other","BANGLADESH","Rest of World",0.0163422087335642
"505",2014-01-01,"All Other","BARBADOS","Rest of World",0.00895802104341964
"506",2014-01-01,"All Other","BELGIUM","Rest of World",0.0807352366763659
"507",2014-01-01,"All Other","BELIZE","Rest of World",0.00388979025070359
"508",2014-01-01,"All Other","BENIN","Rest of World",0.00201717200638812
"509",2014-01-01,"All Other","BERMUDA [UNITED KINGDOM]","Rest of World",-2.1536574846252e-05
"510",2014-01-01,"All Other","BOLIVIA","Rest of World",-6.02745697867214e-06
"511",2014-01-01,"All Other","BOSNIA AND HERZEGOVINA","Rest of World",0.000957610135851974
"512",2014-01-01,"All Other","BOTSWANA","Rest of World",3.61139544495559e-05
"513",2014-01-01,"All Other","BRAZIL","Rest of World",0.00310803461769695
"514",2014-01-01,"All Other","BRITISH INDIAN OCEAN TERRITORY [UNITED KINGDOM]","Rest of World",0.190433250433413
"515",2014-01-01,"All Other","BRUNEI","Rest of World",0.00139241662368396
"516",2014-01-01,"All Other","BULGARIA","Rest of World",0.153033304809624
"517",2014-01-01,"All Other","BURKINA FASO","Rest of World",0.0135986057156912
"518",2014-01-01,"All Other","BURMA (MYANMAR)","Rest of World",0.000116463277237408
"519",2014-01-01,"All Other","BURUNDI","Rest of World",0.0005818389154552
"520",2014-01-01,"All Other","CAMBODIA","Rest of World",0.0135782192305456
"521",2014-01-01,"All Other","CAMEROON","Rest of World",0.00136636939960764
"522",2014-01-01,"All Other","CANADA","Rest of World",0.603208136140619
"523",2014-01-01,"All Other","CAPE VERDE","Rest of World",0.000449497591507902
"524",2014-01-01,"All Other","CENTRAL AFRICAN REPUBLIC","Rest of World",0.0274532236379365
"525",2014-01-01,"All Other","CHAD","Rest of World",0.00110246253770439
"526",2014-01-01,"All Other","CHILE","Rest of World",0.00380022816249548
"527",2014-01-01,"All Other","CHINA","Rest of World",0.0113789152823119
"528",2014-01-01,"All Other","COLOMBIA","Rest of World",0.0800481856521897
"529",2014-01-01,"All Other","CONGO,DEMOCRATIC REPUBLIC OF THE (KINSHASA)","Rest of World",4.012273307987e-05
"530",2014-01-01,"All Other","CONGO,REPUBLIC OF THE (BRAZZAVILLE)","Rest of World",1.50037282511382e-05
"531",2014-01-01,"All Other","COSTA RICA","Rest of World",0.000350419899618741
"532",2014-01-01,"All Other","COTE DIVOIRE","Rest of World",-0.000164839321413834
"533",2014-01-01,"All Other","CROATIA","Rest of World",0.0367216033749102
"534",2014-01-01,"All Other","Cuba","Rest of World",0.160987766253062
"535",2014-01-01,"All Other","CYPRUS","Rest of World",0.00086700905542988
"536",2014-01-01,"All Other","CZECH REPUBLIC","Rest of World",0.0016205923737866
"537",2014-01-01,"All Other","DENMARK","Rest of World",0.0124013909356653
"538",2014-01-01,"All Other","DJIBOUTI","Rest of World",0.307804949711365
"539",2014-01-01,"All Other","DOMINICA","Rest of World",0
"540",2014-01-01,"All Other","DOMINICAN REPUBLIC","Rest of World",0.00414670761528355
"541",2014-01-01,"All Other","EAST TIMOR (TIMOR-LESTE)","Rest of World",0.00318085966417799
"542",2014-01-01,"All Other","ECUADOR","Rest of World",-0.00226197754426813
"543",2014-01-01,"All Other","EGYPT","Rest of World",0.0239752894161024
"544",2014-01-01,"All Other","EL SALVADOR","Rest of World",0.00497514841001618
"545",2014-01-01,"All Other","ESTONIA","Rest of World",0.00309700455903926
"546",2014-01-01,"All Other","ETHIOPIA","Rest of World",0.00490292234682611
"547",2014-01-01,"All Other","FINLAND","Rest of World",0.00133023700835017
"548",2014-01-01,"All Other","FRANCE","Rest of World",0.238942071703663
"549",2014-01-01,"All Other","FRENCH POLYNESIA","Rest of World",0.000658012078141496
"550",2014-01-01,"All Other","GABON","Rest of World",0.00856099838994135
"551",2014-01-01,"All Other","GAMBIA,THE","Rest of World",-1.60615223583433e-06
"552",2014-01-01,"All Other","GEORGIA","Rest of World",0.0370341484933692
"553",2014-01-01,"All Other","GERMANY","Rest of World",1.7697720642225
"554",2014-01-01,"All Other","GHANA","Rest of World",0.00884173918315522
"555",2014-01-01,"All Other","GIBRALTAR [UNITED KINGDOM]","Rest of World",0.00905626039803515
"556",2014-01-01,"All Other","GREECE","Rest of World",0.134541289338834
"557",2014-01-01,"All Other","GREENLAND [DENMARK]","Rest of World",0.180767203353018
"558",2014-01-01,"All Other","GRENADA","Rest of World",0.000301422541100168
"559",2014-01-01,"All Other","GUAM [United States]","Domestic",0.0391956097271025
"560",2014-01-01,"All Other","GUATEMALA","Rest of World",0.00898387786536796
"561",2014-01-01,"All Other","GUINEA","Rest of World",9.84510128212767e-05
"562",2014-01-01,"All Other","GUYANA","Rest of World",0.000350041346722131
"563",2014-01-01,"All Other","HAITI","Rest of World",-0.000658075359594423
"564",2014-01-01,"All Other","HONDURAS","Rest of World",0.0328790168287613
"565",2014-01-01,"All Other","HONG KONG","Rest of World",0.0340812613281914
"566",2014-01-01,"All Other","HUNGARY","Rest of World",0.000347195598038288
"567",2014-01-01,"All Other","ICELAND","Rest of World",0.00644459281037995
"568",2014-01-01,"All Other","INDIA","Rest of World",-0.00336917369691157
"569",2014-01-01,"All Other","INDONESIA","Rest of World",0.00423515040265177
"570",2014-01-01,"All Other","IRAQ","Afghanistan and Iraq",0.243040284480068
"571",2014-01-01,"All Other","IRELAND","Rest of World",0.000181656266116488
"572",2014-01-01,"All Other","ISRAEL","Rest of World",0.179590970208033
"573",2014-01-01,"All Other","ITALY","Rest of World",0.305357291109303
"574",2014-01-01,"All Other","JAMAICA","Rest of World",0.000159377574257053
"575",2014-01-01,"All Other","JAPAN","Rest of World",2.01817401398055
"576",2014-01-01,"All Other","JORDAN","Rest of World",0.139216101813173
"577",2014-01-01,"All Other","KAZAKHSTAN","Regional Support",0.0558693988835562
"578",2014-01-01,"All Other","KENYA","Rest of World",0.00663408739715466
"579",2014-01-01,"All Other","KIRIBATI","Rest of World",0
"580",2014-01-01,"All Other","KUWAIT","Regional Support",1.57671150086618
"581",2014-01-01,"All Other","KYRGYZSTAN","Regional Support",0.502836353467042
"582",2014-01-01,"All Other","LAOS","Rest of World",0.00664521976082791
"583",2014-01-01,"All Other","LATVIA","Rest of World",0.00130158147287484
"584",2014-01-01,"All Other","LEBANON","Rest of World",0.004955786810594
"585",2014-01-01,"All Other","LIBERIA","Rest of World",0.000611305295252437
"586",2014-01-01,"All Other","LIBYA","Rest of World",0.00911317011854012
"587",2014-01-01,"All Other","LITHUANIA","Rest of World",0.00235876083727333
"588",2014-01-01,"All Other","LUXEMBOURG","Rest of World",0.0159689762960983
"589",2014-01-01,"All Other","MACEDONIA","Rest of World",0.000702744013201355
"590",2014-01-01,"All Other","MALAYSIA","Rest of World",0.0071053049580272
"591",2014-01-01,"All Other","MALDIVES","Rest of World",0.000283069794071768
"592",2014-01-01,"All Other","MALI","Rest of World",-2.30615767317148e-05
"593",2014-01-01,"All Other","MALTA","Rest of World",0.000481340656360422
"594",2014-01-01,"All Other","MARSHALL ISLANDS","Rest of World",0.112429314860471
"595",2014-01-01,"All Other","MAURITANIA","Rest of World",0.00118953122511335
"596",2014-01-01,"All Other","MAURITIUS","Rest of World",0.0108815522082858
"597",2014-01-01,"All Other","MEXICO","Rest of World",0.00486290029616044
"598",2014-01-01,"All Other","MICRONESIA,FEDERATED STATES OF","Rest of World",0.000941924468815484
"599",2014-01-01,"All Other","MOLDOVA","Rest of World",0.00809503525847845
"600",2014-01-01,"All Other","MONGOLIA","Rest of World",0.00531403073169651
"601",2014-01-01,"All Other","MOROCCO","Rest of World",0.00205178117048036
"602",2014-01-01,"All Other","MOZAMBIQUE","Rest of World",-2.65639110547052e-06
"603",2014-01-01,"All Other","NAMIBIA","Rest of World",2.13280807131242e-05
"604",2014-01-01,"All Other","NEPAL","Rest of World",0.0102047242216998
"605",2014-01-01,"All Other","NETHERLANDS","Rest of World",0.048889598885156
"606",2014-01-01,"All Other","NEW ZEALAND","Rest of World",0.0086485036483867
"607",2014-01-01,"All Other","NICARAGUA","Rest of World",0.000568003744136405
"608",2014-01-01,"All Other","NIGER","Rest of World",0.0288653488239191
"609",2014-01-01,"All Other","NIGERIA","Rest of World",0.00354964925686805
"610",2014-01-01,"All Other","NORTHERN MARIANA ISLANDS [UNITED STATES]","Domestic",0.0016612112679377
"611",2014-01-01,"All Other","NORWAY","Rest of World",0.0478960427949425
"612",2014-01-01,"All Other","OMAN","Rest of World",0.0927106843610047
"613",2014-01-01,"All Other","PAKISTAN","Regional Support",0.0226156692471221
"614",2014-01-01,"All Other","PALAU","Rest of World",0.00122321736228236
"615",2014-01-01,"All Other","PANAMA","Rest of World",0.00327283332337056
"616",2014-01-01,"All Other","PAPUA NEW GUINEA","Rest of World",0.00254666511245796
"617",2014-01-01,"All Other","PARAGUAY","Rest of World",0.000448676474091145
"618",2014-01-01,"All Other","PERU","Rest of World",0.0122335553084442
"619",2014-01-01,"All Other","PHILIPPINES","Rest of World",0.0779494843064593
"620",2014-01-01,"All Other","POLAND","Rest of World",0.0159606069487222
"621",2014-01-01,"All Other","PORTUGAL","Rest of World",0.0331092344806942
"622",2014-01-01,"All Other","PUERTO RICO [UNITED STATES]","Domestic",0.0308163518264293
"623",2014-01-01,"All Other","QATAR","Regional Support",0.1123087310885
"624",2014-01-01,"All Other","ROMANIA","Rest of World",0.146774216588999
"625",2014-01-01,"All Other","RUSSIA","Rest of World",0.037820513490616
"626",2014-01-01,"All Other","RWANDA","Rest of World",0.000785208234598041
"627",2014-01-01,"All Other","SAINT HELENA [UNITED KINGDOM]","Rest of World",0.0256498272205397
"628",2014-01-01,"All Other","SAINT LUCIA","Rest of World",3.1539820941397e-06
"629",2014-01-01,"All Other","SAO TOME AND PRINCIPE","Rest of World",-0.00510218667721942
"630",2014-01-01,"All Other","SAUDI ARABIA","Rest of World",1.21835819833006
"631",2014-01-01,"All Other","SENEGAL","Rest of World",0.0123812470902701
"632",2014-01-01,"All Other","SERBIA","Rest of World",0.000282607423673806
"633",2014-01-01,"All Other","SEYCHELLES","Rest of World",0.000238246902064585
"634",2014-01-01,"All Other","SIERRA LEONE","Rest of World",0.00207300064845641
"635",2014-01-01,"All Other","SINGAPORE","Rest of World",0.137465409516106
"636",2014-01-01,"All Other","SLOVAKIA","Rest of World",0.00237196788946554
"637",2014-01-01,"All Other","SLOVENIA","Rest of World",0.00110362678460188
"638",2014-01-01,"All Other","SOLOMON ISLANDS","Rest of World",0.000930780361564909
"639",2014-01-01,"All Other","SOMALIA","Rest of World",0.0117801375323401
"640",2014-01-01,"All Other","SOUTH AFRICA","Rest of World",0.000145950193083071
"641",2014-01-01,"All Other","SOUTH KOREA","Rest of World",1.76172635695799
"642",2014-01-01,"All Other","SPAIN","Rest of World",0.187902844902092
"643",2014-01-01,"All Other","SRI LANKA","Rest of World",0.00150913160695688
"644",2014-01-01,"All Other","SWAZILAND","Rest of World",0.000117072482916928
"645",2014-01-01,"All Other","SWEDEN","Rest of World",0.0334064542713131
"646",2014-01-01,"All Other","SWITZERLAND","Rest of World",0.338931643903922
"647",2014-01-01,"All Other","TAIWAN,PROVINCE OF CHINA","Rest of World",0.00694179835009675
"648",2014-01-01,"All Other","TAJIKISTAN","Regional Support",0.00727277895811209
"649",2014-01-01,"All Other","TANZANIA","Rest of World",0.00172599733882019
"650",2014-01-01,"All Other","THAILAND","Rest of World",0.0161407581608086
"651",2014-01-01,"All Other","TOGO","Rest of World",0.00141061898599033
"652",2014-01-01,"All Other","TONGA","Rest of World",0.000957416498662522
"653",2014-01-01,"All Other","TRINIDAD AND TOBAGO","Rest of World",0.00271417021578261
"654",2014-01-01,"All Other","TUNISIA","Rest of World",5.79061701396177e-05
"655",2014-01-01,"All Other","TURKEY","Rest of World",0.173687602773542
"656",2014-01-01,"All Other","TURKMENISTAN","Regional Support",0.00143380160878328
"657",2014-01-01,"All Other","TURKS AND CAICOS ISLANDS [UNITED KINGDOM]","Rest of World",6.65355799482299e-06
"658",2014-01-01,"All Other","UGANDA","Rest of World",0.0373598857867942
"659",2014-01-01,"All Other","UKRAINE","Rest of World",-0.0218184308939437
"660",2014-01-01,"All Other","UNITED ARAB EMIRATES","Rest of World",1.69163362762292
"661",2014-01-01,"All Other","UNITED KINGDOM","Rest of World",0.546139900352319
"662",2014-01-01,"All Other","UNITED STATES","Domestic",262.085824589591
"663",2014-01-01,"All Other","URUGUAY","Rest of World",-2.41808167240613e-07
"664",2014-01-01,"All Other","UZBEKISTAN","Regional Support",0.0208351712944555
"665",2014-01-01,"All Other","VENEZUELA","Rest of World",0.000116989557846323
"666",2014-01-01,"All Other","VIETNAM","Rest of World",0.0184710604159876
"667",2014-01-01,"All Other","VIRGIN ISLANDS [UNITED STATES]","Domestic",0.000150903954461239
"668",2014-01-01,"All Other","YEMEN","Rest of World",0.0097116220379899
"669",2014-01-01,"All Other","ZAMBIA","Rest of World",0.00162920766696341
"670",2014-01-01,"All Other",NA,NA,0.0631399570176146
"671",2014-01-01,"Confident OCO","",NA,0
"672",2014-01-01,"Confident OCO","AFGHANISTAN","Afghanistan and Iraq",4.57857659745063
"673",2014-01-01,"Confident OCO","BAHRAIN","Regional Support",-0.000418684878517135
"674",2014-01-01,"Confident OCO","BELGIUM","Rest of World",1.06541019232499e-06
"675",2014-01-01,"Confident OCO","BRITISH INDIAN OCEAN TERRITORY [UNITED KINGDOM]","Rest of World",0.00669421764669192
"676",2014-01-01,"Confident OCO","CANADA","Rest of World",0.00220753503983292
"677",2014-01-01,"Confident OCO","Cuba","Rest of World",0.00222469064172131
"678",2014-01-01,"Confident OCO","DJIBOUTI","Rest of World",0.00883237377151229
"679",2014-01-01,"Confident OCO","EGYPT","Rest of World",0.00171960677408158
"680",2014-01-01,"Confident OCO","ETHIOPIA","Rest of World",-7.27473035935168e-05
"681",2014-01-01,"Confident OCO","GEORGIA","Rest of World",0.000180681985272881
"682",2014-01-01,"Confident OCO","GERMANY","Rest of World",0.00792374437265623
"683",2014-01-01,"Confident OCO","GHANA","Rest of World",0.00380297193068403
"684",2014-01-01,"Confident OCO","IRAQ","Afghanistan and Iraq",-0.167634310594084
"685",2014-01-01,"Confident OCO","ITALY","Rest of World",1.71387268342827e-05
"686",2014-01-01,"Confident OCO","JAPAN","Rest of World",0.00390826449000861
"687",2014-01-01,"Confident OCO","JORDAN","Rest of World",0.0242233266891053
"688",2014-01-01,"Confident OCO","KENYA","Rest of World",0.00115958596494934
"689",2014-01-01,"Confident OCO","KUWAIT","Regional Support",0.166146064046964
"690",2014-01-01,"Confident OCO","KYRGYZSTAN","Regional Support",0.161763038843194
"691",2014-01-01,"Confident OCO","LEBANON","Rest of World",0.000417514222344285
"692",2014-01-01,"Confident OCO","LIBERIA","Rest of World",0.000710677083637571
"693",2014-01-01,"Confident OCO","MARSHALL ISLANDS","Rest of World",8.42130104330671e-06
"694",2014-01-01,"Confident OCO","MONGOLIA","Rest of World",0.000162995985424626
"695",2014-01-01,"Confident OCO","OMAN","Rest of World",0.0108568640751062
"696",2014-01-01,"Confident OCO","PAKISTAN","Regional Support",0.000617598179389354
"697",2014-01-01,"Confident OCO","PERU","Rest of World",8.22090977570587e-06
"698",2014-01-01,"Confident OCO","PHILIPPINES","Rest of World",0.0126639857722525
"699",2014-01-01,"Confident OCO","POLAND","Rest of World",0.00040007264710796
"700",2014-01-01,"Confident OCO","QATAR","Regional Support",0.0579826432198823
"701",2014-01-01,"Confident OCO","ROMANIA","Rest of World",0.101248355807904
"702",2014-01-01,"Confident OCO","SAUDI ARABIA","Rest of World",0.00142022245353486
"703",2014-01-01,"Confident OCO","SOMALIA","Rest of World",0.00114199932915169
"704",2014-01-01,"Confident OCO","SPAIN","Rest of World",0.00245652150420598
"705",2014-01-01,"Confident OCO","SWITZERLAND","Rest of World",0
"706",2014-01-01,"Confident OCO","TANZANIA","Rest of World",-1.36537036395208e-05
"707",2014-01-01,"Confident OCO","TURKEY","Rest of World",0.00603932932969429
"708",2014-01-01,"Confident OCO","UGANDA","Rest of World",1.75364669919398e-05
"709",2014-01-01,"Confident OCO","UNITED ARAB EMIRATES","Rest of World",0.0158407769359289
"710",2014-01-01,"Confident OCO","UNITED KINGDOM","Rest of World",0.00177524778258544
"711",2014-01-01,"Confident OCO","UNITED STATES","Domestic",0.782408792725852
"712",2014-01-01,"Confident OCO","UZBEKISTAN","Regional Support",0.000690417891568431
"713",2015-01-01,"All Other","",NA,0.02627147797
"714",2015-01-01,"All Other","AFGHANISTAN","Afghanistan and Iraq",1.49127758971
"715",2015-01-01,"All Other","ALBANIA","Rest of World",0.00105139732
"716",2015-01-01,"All Other","AMERICAN SAMOA [UNITED STATES]","Domestic",-0.00096017902
"717",2015-01-01,"All Other","ANGOLA","Rest of World",0.00033606138
"718",2015-01-01,"All Other","ANTIGUA AND BARBUDA","Rest of World",0.00164938905
"719",2015-01-01,"All Other","ARGENTINA","Rest of World",0.04407122886
"720",2015-01-01,"All Other","ARMENIA","Rest of World",0.01224766585
"721",2015-01-01,"All Other","ARUBA [NETHERLANDS]","Rest of World",0.00020583035
"722",2015-01-01,"All Other","AUSTRALIA","Rest of World",0.03969000112
"723",2015-01-01,"All Other","AUSTRIA","Rest of World",0.0034398378
"724",2015-01-01,"All Other","AZERBAIJAN","Rest of World",0.00861924566
"725",2015-01-01,"All Other","BAHAMAS,THE","Rest of World",0.58865871629
"726",2015-01-01,"All Other","BAHRAIN","Regional Support",0.53426146346
"727",2015-01-01,"All Other","BANGLADESH","Rest of World",0.00438732419
"728",2015-01-01,"All Other","BARBADOS","Rest of World",0.00939119871
"729",2015-01-01,"All Other","BELGIUM","Rest of World",0.09711096778
"730",2015-01-01,"All Other","BELIZE","Rest of World",0.00244973712
"731",2015-01-01,"All Other","BENIN","Rest of World",7.8879e-05
"732",2015-01-01,"All Other","BERMUDA [UNITED KINGDOM]","Rest of World",0.00012329939
"733",2015-01-01,"All Other","BOSNIA AND HERZEGOVINA","Rest of World",0.00060701328
"734",2015-01-01,"All Other","BRAZIL","Rest of World",0.00079412778
"735",2015-01-01,"All Other","BRITISH INDIAN OCEAN TERRITORY [UNITED KINGDOM]","Rest of World",0.08509993967
"736",2015-01-01,"All Other","BRUNEI","Rest of World",0.00049887051
"737",2015-01-01,"All Other","BULGARIA","Rest of World",0.01803803431
"738",2015-01-01,"All Other","BURKINA FASO","Rest of World",0.01336329254
"739",2015-01-01,"All Other","BURMA (MYANMAR)","Rest of World",4.209718e-05
"740",2015-01-01,"All Other","BURUNDI","Rest of World",-3.46691e-06
"741",2015-01-01,"All Other","CAMBODIA","Rest of World",0.01220026052
"742",2015-01-01,"All Other","CAMEROON","Rest of World",0.01091851466
"743",2015-01-01,"All Other","CANADA","Rest of World",0.45341234819
"744",2015-01-01,"All Other","CENTRAL AFRICAN REPUBLIC","Rest of World",0.0446818655
"745",2015-01-01,"All Other","CHAD","Rest of World",0.00447939509
"746",2015-01-01,"All Other","CHILE","Rest of World",0.00111268567
"747",2015-01-01,"All Other","CHINA","Rest of World",0.00686573198
"748",2015-01-01,"All Other","COLOMBIA","Rest of World",0.06975343028
"749",2015-01-01,"All Other","COMOROS","Rest of World",-1.4038e-05
"750",2015-01-01,"All Other","CONGO,DEMOCRATIC REPUBLIC OF THE (KINSHASA)","Rest of World",7.12387e-05
"751",2015-01-01,"All Other","CONGO,REPUBLIC OF THE (BRAZZAVILLE)","Rest of World",0.0010423818
"752",2015-01-01,"All Other","COSTA RICA","Rest of World",0.00192504176
"753",2015-01-01,"All Other","COTE DIVOIRE","Rest of World",6.89e-05
"754",2015-01-01,"All Other","CROATIA","Rest of World",0.01908474005
"755",2015-01-01,"All Other","Cuba","Rest of World",0.17378795983
"756",2015-01-01,"All Other","CYPRUS","Rest of World",0.001493123
"757",2015-01-01,"All Other","CZECH REPUBLIC","Rest of World",0.02727340313
"758",2015-01-01,"All Other","DENMARK","Rest of World",0.0196726919
"759",2015-01-01,"All Other","DJIBOUTI","Rest of World",0.24743763139
"760",2015-01-01,"All Other","DOMINICA","Rest of World",0.00025561839
"761",2015-01-01,"All Other","DOMINICAN REPUBLIC","Rest of World",0.0009612459
"762",2015-01-01,"All Other","EAST TIMOR (TIMOR-LESTE)","Rest of World",0.0036068141
"763",2015-01-01,"All Other","ECUADOR","Rest of World",1.430535e-05
"764",2015-01-01,"All Other","EGYPT","Rest of World",0.02817236014
"765",2015-01-01,"All Other","EL SALVADOR","Rest of World",0.02188897042
"766",2015-01-01,"All Other","ESTONIA","Rest of World",0.01350530694
"767",2015-01-01,"All Other","ETHIOPIA","Rest of World",0.00602143749
"768",2015-01-01,"All Other","FIJI","Rest of World",0.0010824955
"769",2015-01-01,"All Other","FINLAND","Rest of World",0.00267631935
"770",2015-01-01,"All Other","FRANCE","Rest of World",0.32268299212
"771",2015-01-01,"All Other","GABON","Rest of World",0.00912706212
"772",2015-01-01,"All Other","GAMBIA,THE","Rest of World",3.627993e-05
"773",2015-01-01,"All Other","GEORGIA","Rest of World",0.02817731326
"774",2015-01-01,"All Other","GERMANY","Rest of World",2.00176628548
"775",2015-01-01,"All Other","GHANA","Rest of World",0.00176234857
"776",2015-01-01,"All Other","GIBRALTAR [UNITED KINGDOM]","Rest of World",0.00376676374
"777",2015-01-01,"All Other","GREECE","Rest of World",0.16694598044
"778",2015-01-01,"All Other","GREENLAND [DENMARK]","Rest of World",0.11977494949
"779",2015-01-01,"All Other","GRENADA","Rest of World",8.7941e-05
"780",2015-01-01,"All Other","GUAM [United States]","Domestic",0.06064170224
"781",2015-01-01,"All Other","GUATEMALA","Rest of World",0.00673596185
"782",2015-01-01,"All Other","GUINEA-BISSAU","Rest of World",2.13163e-06
"783",2015-01-01,"All Other","GUYANA","Rest of World",-9e-06
"784",2015-01-01,"All Other","HAITI","Rest of World",-0.00719512006
"785",2015-01-01,"All Other","HONDURAS","Rest of World",0.0374464463
"786",2015-01-01,"All Other","HONG KONG","Rest of World",0.05801575599
"787",2015-01-01,"All Other","HUNGARY","Rest of World",0.00311003632
"788",2015-01-01,"All Other","ICELAND","Rest of World",0.00606345863
"789",2015-01-01,"All Other","INDIA","Rest of World",0.00325241251
"790",2015-01-01,"All Other","INDONESIA","Rest of World",0.00734130324
"791",2015-01-01,"All Other","IRAQ","Afghanistan and Iraq",0.11271281967
"792",2015-01-01,"All Other","IRELAND","Rest of World",0.00101584863
"793",2015-01-01,"All Other","ISRAEL","Rest of World",0.21473311847
"794",2015-01-01,"All Other","ITALY","Rest of World",0.35153126043
"795",2015-01-01,"All Other","JAMAICA","Rest of World",0.00093658062
"796",2015-01-01,"All Other","JAPAN","Rest of World",1.80530271075
"797",2015-01-01,"All Other","JORDAN","Rest of World",0.17287514384
"798",2015-01-01,"All Other","KAZAKHSTAN","Regional Support",0.06532885426
"799",2015-01-01,"All Other","KENYA","Rest of World",0.01727174117
"800",2015-01-01,"All Other","KIRIBATI","Rest of World",0.00044858383
"801",2015-01-01,"All Other","KUWAIT","Regional Support",1.8093508276
"802",2015-01-01,"All Other","KYRGYZSTAN","Regional Support",-0.00178879806
"803",2015-01-01,"All Other","LAOS","Rest of World",0.008169536
"804",2015-01-01,"All Other","LATVIA","Rest of World",0.00673689319
"805",2015-01-01,"All Other","LEBANON","Rest of World",0.03719039683
"806",2015-01-01,"All Other","LIBERIA","Rest of World",0.00342256171
"807",2015-01-01,"All Other","LITHUANIA","Rest of World",0.00954293781
"808",2015-01-01,"All Other","LUXEMBOURG","Rest of World",0.0005755476
"809",2015-01-01,"All Other","MACEDONIA","Rest of World",0.001238996
"810",2015-01-01,"All Other","MALAYSIA","Rest of World",0.00358540204
"811",2015-01-01,"All Other","MALDIVES","Rest of World",0.000388034
"812",2015-01-01,"All Other","MALTA","Rest of World",0.00543791693
"813",2015-01-01,"All Other","MARSHALL ISLANDS","Rest of World",0.0011930874
"814",2015-01-01,"All Other","MAURITANIA","Rest of World",0.00109058175
"815",2015-01-01,"All Other","MAURITIUS","Rest of World",0.00012582094
"816",2015-01-01,"All Other","MEXICO","Rest of World",0.01912609403
"817",2015-01-01,"All Other","MICRONESIA,FEDERATED STATES OF","Rest of World",0.00147787156
"818",2015-01-01,"All Other","MOLDOVA","Rest of World",0.00408958234
"819",2015-01-01,"All Other","MONGOLIA","Rest of World",0.00117112214
"820",2015-01-01,"All Other","MONTENEGRO","Rest of World",0.00085349487
"821",2015-01-01,"All Other","MOROCCO","Rest of World",0.00860035464
"822",2015-01-01,"All Other","MOZAMBIQUE","Rest of World",0.000511549
"823",2015-01-01,"All Other","NAMIBIA","Rest of World",1.824194e-05
"824",2015-01-01,"All Other","NEPAL","Rest of World",0.00168496778
"825",2015-01-01,"All Other","NETHERLANDS","Rest of World",0.14925780787
"826",2015-01-01,"All Other","NEW ZEALAND","Rest of World",0.00074710842
"827",2015-01-01,"All Other","NICARAGUA","Rest of World",0.00349283161
"828",2015-01-01,"All Other","NIGER","Rest of World",0.02370200547
"829",2015-01-01,"All Other","NIGERIA","Rest of World",0.0017987056
"830",2015-01-01,"All Other","NORTH KOREA","Rest of World",1.476726e-05
"831",2015-01-01,"All Other","NORTHERN MARIANA ISLANDS [UNITED STATES]","Domestic",0.0010755064
"832",2015-01-01,"All Other","NORWAY","Rest of World",0.0062193937
"833",2015-01-01,"All Other","OMAN","Rest of World",0.12086538984
"834",2015-01-01,"All Other","PAKISTAN","Regional Support",0.07255771412
"835",2015-01-01,"All Other","PALAU","Rest of World",0.00070408731
"836",2015-01-01,"All Other","PANAMA","Rest of World",0.00424486478
"837",2015-01-01,"All Other","PAPUA NEW GUINEA","Rest of World",0.00241213043
"838",2015-01-01,"All Other","PARAGUAY","Rest of World",0.00112563845
"839",2015-01-01,"All Other","PERU","Rest of World",0.0042858059
"840",2015-01-01,"All Other","PHILIPPINES","Rest of World",0.1503349694
"841",2015-01-01,"All Other","POLAND","Rest of World",0.01610375495
"842",2015-01-01,"All Other","PORTUGAL","Rest of World",0.01649501157
"843",2015-01-01,"All Other","PUERTO RICO [UNITED STATES]","Domestic",0.00943940925
"844",2015-01-01,"All Other","QATAR","Regional Support",0.30261130467
"845",2015-01-01,"All Other","ROMANIA","Rest of World",0.1131506138
"846",2015-01-01,"All Other","RUSSIA","Rest of World",-0.00719349033
"847",2015-01-01,"All Other","RWANDA","Rest of World",0.0007753
"848",2015-01-01,"All Other","SAINT HELENA [UNITED KINGDOM]","Rest of World",0.001245895
"849",2015-01-01,"All Other","SAINT KITTS AND NEVIS","Rest of World",0.00222975624
"850",2015-01-01,"All Other","SAMOA","Rest of World",0.00057681716
"851",2015-01-01,"All Other","SAUDI ARABIA","Rest of World",2.02823051059
"852",2015-01-01,"All Other","SENEGAL","Rest of World",0.01323515329
"853",2015-01-01,"All Other","SERBIA","Rest of World",0.00053832212
"854",2015-01-01,"All Other","SEYCHELLES","Rest of World",0.00016173775
"855",2015-01-01,"All Other","SIERRA LEONE","Rest of World",0.00026116707
"856",2015-01-01,"All Other","SINGAPORE","Rest of World",0.10254068047
"857",2015-01-01,"All Other","SLOVAKIA","Rest of World",0
"858",2015-01-01,"All Other","SLOVENIA","Rest of World",0.00066333902
"859",2015-01-01,"All Other","SOLOMON ISLANDS","Rest of World",0.000974157
"860",2015-01-01,"All Other","SOMALIA","Rest of World",0.02015064918
"861",2015-01-01,"All Other","SOUTH AFRICA","Rest of World",0.0021936797
"862",2015-01-01,"All Other","SOUTH KOREA","Rest of World",1.53434166536
"863",2015-01-01,"All Other","SPAIN","Rest of World",0.32704632512
"864",2015-01-01,"All Other","SRI LANKA","Rest of World",0.00339235233
"865",2015-01-01,"All Other","SUDAN","Rest of World",-0.00017017865
"866",2015-01-01,"All Other","SWAZILAND","Rest of World",-2.93911e-06
"867",2015-01-01,"All Other","SWEDEN","Rest of World",0.01910931757
"868",2015-01-01,"All Other","SWITZERLAND","Rest of World",0.03718614512
"869",2015-01-01,"All Other","TAIWAN,PROVINCE OF CHINA","Rest of World",0.0074436755
"870",2015-01-01,"All Other","TAJIKISTAN","Regional Support",0.00677254823
"871",2015-01-01,"All Other","TANZANIA","Rest of World",0.00481549347
"872",2015-01-01,"All Other","THAILAND","Rest of World",0.03564784903
"873",2015-01-01,"All Other","TOGO","Rest of World",0.00045992817
"874",2015-01-01,"All Other","TONGA","Rest of World",-5.76e-06
"875",2015-01-01,"All Other","TRINIDAD AND TOBAGO","Rest of World",9.309836e-05
"876",2015-01-01,"All Other","TUNISIA","Rest of World",0.0068890916
"877",2015-01-01,"All Other","TURKEY","Rest of World",0.19136441892
"878",2015-01-01,"All Other","TURKMENISTAN","Regional Support",0.00014900231
"879",2015-01-01,"All Other","TURKS AND CAICOS ISLANDS [UNITED KINGDOM]","Rest of World",0.00015091304
"880",2015-01-01,"All Other","UGANDA","Rest of World",0.00308235462
"881",2015-01-01,"All Other","UKRAINE","Rest of World",0.08474161748
"882",2015-01-01,"All Other","UNITED ARAB EMIRATES","Rest of World",1.22178801601
"883",2015-01-01,"All Other","UNITED KINGDOM","Rest of World",0.4080057532
"884",2015-01-01,"All Other","UNITED STATES","Domestic",250.923829901347
"885",2015-01-01,"All Other","UNITED STATES MINOR OUTLYING ISLANDS","Domestic",2.91375e-06
"886",2015-01-01,"All Other","URUGUAY","Rest of World",0.00023870135
"887",2015-01-01,"All Other","UZBEKISTAN","Regional Support",0.03121685839
"888",2015-01-01,"All Other","VANUATU","Rest of World",4.5e-06
"889",2015-01-01,"All Other","VENEZUELA","Rest of World",-2.8e-06
"890",2015-01-01,"All Other","VIETNAM","Rest of World",0.01315694381
"891",2015-01-01,"All Other","VIRGIN ISLANDS [UNITED STATES]","Domestic",0.00073951421
"892",2015-01-01,"All Other","YEMEN","Rest of World",0.009601714
"893",2015-01-01,"All Other","ZAMBIA","Rest of World",0.00261258504
"894",2015-01-01,"All Other",NA,NA,0.00195272157
"895",2015-01-01,"Confident OCO","",NA,0
"896",2015-01-01,"Confident OCO","AFGHANISTAN","Afghanistan and Iraq",1.66510175746
"897",2015-01-01,"Confident OCO","BAHRAIN","Regional Support",0.00126593685
"898",2015-01-01,"Confident OCO","BELGIUM","Rest of World",0.00018231206
"899",2015-01-01,"Confident OCO","BURKINA FASO","Rest of World",3.527e-05
"900",2015-01-01,"Confident OCO","CANADA","Rest of World",0.004469046
"901",2015-01-01,"Confident OCO","CENTRAL AFRICAN REPUBLIC","Rest of World",0.06660944056
"902",2015-01-01,"Confident OCO","Cuba","Rest of World",0.00201485328
"903",2015-01-01,"Confident OCO","DJIBOUTI","Rest of World",0.02319167476
"904",2015-01-01,"Confident OCO","GERMANY","Rest of World",0.03093944256
"905",2015-01-01,"Confident OCO","GHANA","Rest of World",0.01051271788
"906",2015-01-01,"Confident OCO","IRAQ","Afghanistan and Iraq",0.13146668628
"907",2015-01-01,"Confident OCO","JAPAN","Rest of World",0.00645250624
"908",2015-01-01,"Confident OCO","JORDAN","Rest of World",0.02271701826
"909",2015-01-01,"Confident OCO","KENYA","Rest of World",0.0020564794
"910",2015-01-01,"Confident OCO","KUWAIT","Regional Support",0.11987487803
"911",2015-01-01,"Confident OCO","KYRGYZSTAN","Regional Support",0
"912",2015-01-01,"Confident OCO","LEBANON","Rest of World",2.175e-05
"913",2015-01-01,"Confident OCO","LIBERIA","Rest of World",0.02919932719
"914",2015-01-01,"Confident OCO","NETHERLANDS","Rest of World",0.0008530379
"915",2015-01-01,"Confident OCO","OMAN","Rest of World",0
"916",2015-01-01,"Confident OCO","PHILIPPINES","Rest of World",0.00212207874
"917",2015-01-01,"Confident OCO","POLAND","Rest of World",3.110197e-05
"918",2015-01-01,"Confident OCO","QATAR","Regional Support",0.01144849508
"919",2015-01-01,"Confident OCO","ROMANIA","Rest of World",0.04995352564
"920",2015-01-01,"Confident OCO","SAUDI ARABIA","Rest of World",0.00043668529
"921",2015-01-01,"Confident OCO","SENEGAL","Rest of World",0.0019657514
"922",2015-01-01,"Confident OCO","SOMALIA","Rest of World",0.00093447465
"923",2015-01-01,"Confident OCO","SOUTH KOREA","Rest of World",0.0390183492
"924",2015-01-01,"Confident OCO","SWEDEN","Rest of World",0.00019691204
"925",2015-01-01,"Confident OCO","TURKEY","Rest of World",0.00458889016
"926",2015-01-01,"Confident OCO","UGANDA","Rest of World",7.0103e-05
"927",2015-01-01,"Confident OCO","UNITED ARAB EMIRATES","Rest of World",0.01242438195
"928",2015-01-01,"Confident OCO","UNITED KINGDOM","Rest of World",0.000250436
"929",2015-01-01,"Confident OCO","UNITED STATES","Domestic",0.35089301905
"930",2016-01-01,"All Other","",NA,0.04791798979865
"931",2016-01-01,"All Other","AFGHANISTAN","Afghanistan and Iraq",1.41956012710157
"932",2016-01-01,"All Other","ALBANIA","Rest of World",0.000580150173585136
"933",2016-01-01,"All Other","ALGERIA","Rest of World",5.68390048858621e-06
"934",2016-01-01,"All Other","AMERICAN SAMOA [UNITED STATES]","Domestic",9.1598295793937e-05
"935",2016-01-01,"All Other","ANTIGUA AND BARBUDA","Rest of World",0.0021694870179566
"936",2016-01-01,"All Other","ARGENTINA","Rest of World",0.00260793066778086
"937",2016-01-01,"All Other","ARMENIA","Rest of World",0.010405738164667
"938",2016-01-01,"All Other","ARUBA [NETHERLANDS]","Rest of World",0.000144015180712189
"939",2016-01-01,"All Other","AUSTRALIA","Rest of World",0.0354965215861644
"940",2016-01-01,"All Other","AUSTRIA","Rest of World",0.00011674335317779
"941",2016-01-01,"All Other","AZERBAIJAN","Rest of World",0.00540732102269189
"942",2016-01-01,"All Other","BAHAMAS,THE","Rest of World",0.0965019356025109
"943",2016-01-01,"All Other","BAHRAIN","Regional Support",0.655836643928183
"944",2016-01-01,"All Other","BANGLADESH","Rest of World",0.00286555748076065
"945",2016-01-01,"All Other","BARBADOS","Rest of World",0.00530637263443999
"946",2016-01-01,"All Other","BELGIUM","Rest of World",0.124563391234469
"947",2016-01-01,"All Other","BELIZE","Rest of World",-5.54836235703241e-05
"948",2016-01-01,"All Other","BENIN","Rest of World",0.00190241897754196
"949",2016-01-01,"All Other","BERMUDA [UNITED KINGDOM]","Rest of World",0.000123563025615454
"950",2016-01-01,"All Other","BOLIVIA","Rest of World",4.66063187577318e-05
"951",2016-01-01,"All Other","BOSNIA AND HERZEGOVINA","Rest of World",0.0236686832455795
"952",2016-01-01,"All Other","BOTSWANA","Rest of World",9.11629367510387e-06
"953",2016-01-01,"All Other","BRAZIL","Rest of World",0.058903905072509
"954",2016-01-01,"All Other","BRITISH INDIAN OCEAN TERRITORY [UNITED KINGDOM]","Rest of World",0.149915035977395
"955",2016-01-01,"All Other","BRITISH VIRGIN ISLANDS [UNITED KINGDOM]","Rest of World",7.14268817567836e-05
"956",2016-01-01,"All Other","BRUNEI","Rest of World",0.000489351966502942
"957",2016-01-01,"All Other","BULGARIA","Rest of World",0.0246274384477732
"958",2016-01-01,"All Other","BURKINA FASO","Rest of World",0.0105425197763538
"959",2016-01-01,"All Other","BURMA (MYANMAR)","Rest of World",0.000340101816301324
"960",2016-01-01,"All Other","BURUNDI","Rest of World",-0.000127804184629081
"961",2016-01-01,"All Other","CAMBODIA","Rest of World",0.0146902198241382
"962",2016-01-01,"All Other","CAMEROON","Rest of World",0.00761723243184111
"963",2016-01-01,"All Other","CANADA","Rest of World",0.612173379437193
"964",2016-01-01,"All Other","CAPE VERDE","Rest of World",0.000384695737305335
"965",2016-01-01,"All Other","CENTRAL AFRICAN REPUBLIC","Rest of World",0.0633873960680686
"966",2016-01-01,"All Other","CHAD","Rest of World",0.00712859083453146
"967",2016-01-01,"All Other","CHILE","Rest of World",0.00599622374804289
"968",2016-01-01,"All Other","CHINA","Rest of World",0.00298425200502027
"969",2016-01-01,"All Other","COLOMBIA","Rest of World",0.035805145865665
"970",2016-01-01,"All Other","CONGO,DEMOCRATIC REPUBLIC OF THE (KINSHASA)","Rest of World",2.98166233963628e-05
"971",2016-01-01,"All Other","CONGO,REPUBLIC OF THE (BRAZZAVILLE)","Rest of World",0
"972",2016-01-01,"All Other","COSTA RICA","Rest of World",0.000406010171604377
"973",2016-01-01,"All Other","COTE DIVOIRE","Rest of World",4.40552360467822e-05
"974",2016-01-01,"All Other","CROATIA","Rest of World",0.0296125373230637
"975",2016-01-01,"All Other","Cuba","Rest of World",0.200094580894244
"976",2016-01-01,"All Other","CYPRUS","Rest of World",0.0164455338530054
"977",2016-01-01,"All Other","CZECH REPUBLIC","Rest of World",0.0587705864926103
"978",2016-01-01,"All Other","DENMARK","Rest of World",0.0296186294118963
"979",2016-01-01,"All Other","DJIBOUTI","Rest of World",0.182248292684903
"980",2016-01-01,"All Other","DOMINICA","Rest of World",0.000294991229814267
"981",2016-01-01,"All Other","DOMINICAN REPUBLIC","Rest of World",0.00329315128191578
"982",2016-01-01,"All Other","EAST TIMOR (TIMOR-LESTE)","Rest of World",0.00374917521862281
"983",2016-01-01,"All Other","ECUADOR","Rest of World",0
"984",2016-01-01,"All Other","EGYPT","Rest of World",0.0672595470751435
"985",2016-01-01,"All Other","EL SALVADOR","Rest of World",0.00433906958190832
"986",2016-01-01,"All Other","ESTONIA","Rest of World",0.0111239973095732
"987",2016-01-01,"All Other","ETHIOPIA","Rest of World",0.00160809493749126
"988",2016-01-01,"All Other","FIJI","Rest of World",0.00135420995245283
"989",2016-01-01,"All Other","FINLAND","Rest of World",0.00167183207512969
"990",2016-01-01,"All Other","FRANCE","Rest of World",0.135246943415687
"991",2016-01-01,"All Other","GABON","Rest of World",0.0587347283299871
"992",2016-01-01,"All Other","GAMBIA,THE","Rest of World",-1.09912417415602e-06
"993",2016-01-01,"All Other","GEORGIA","Rest of World",0.0177227044229158
"994",2016-01-01,"All Other","GERMANY","Rest of World",2.03915459384458
"995",2016-01-01,"All Other","GHANA","Rest of World",0.0050213349173346
"996",2016-01-01,"All Other","GIBRALTAR [UNITED KINGDOM]","Rest of World",0.00659556883153825
"997",2016-01-01,"All Other","GREECE","Rest of World",0.152299960848534
"998",2016-01-01,"All Other","GREENLAND [DENMARK]","Rest of World",0.149990691109883
"999",2016-01-01,"All Other","GRENADA","Rest of World",0.000694185060302527
"1000",2016-01-01,"All Other","GUAM [United States]","Domestic",0.00289855187309132
"1001",2016-01-01,"All Other","GUATEMALA","Rest of World",0.013918007806056
"1002",2016-01-01,"All Other","GUINEA","Rest of World",0.000322129171229593
"1003",2016-01-01,"All Other","GUINEA-BISSAU","Rest of World",-3.25710476117996e-06
"1004",2016-01-01,"All Other","GUYANA","Rest of World",5.59186517574184e-06
"1005",2016-01-01,"All Other","HAITI","Rest of World",0.000989531739633567
"1006",2016-01-01,"All Other","HONDURAS","Rest of World",0.0343716200021522
"1007",2016-01-01,"All Other","HONG KONG","Rest of World",0.138894182605082
"1008",2016-01-01,"All Other","HUNGARY","Rest of World",-0.000306297528602614
"1009",2016-01-01,"All Other","ICELAND","Rest of World",0.00316268482180916
"1010",2016-01-01,"All Other","INDIA","Rest of World",0.00786078111715344
"1011",2016-01-01,"All Other","INDONESIA","Rest of World",0.00470638960973683
"1012",2016-01-01,"All Other","IRAN","Rest of World",1.02121803290626e-05
"1013",2016-01-01,"All Other","IRAQ","Afghanistan and Iraq",0.38536898575022
"1014",2016-01-01,"All Other","IRELAND","Rest of World",0.000313601369359973
"1015",2016-01-01,"All Other","ISRAEL","Rest of World",0.14057877754646
"1016",2016-01-01,"All Other","ITALY","Rest of World",0.32553302288292
"1017",2016-01-01,"All Other","JAMAICA","Rest of World",0.000875179280698073
"1018",2016-01-01,"All Other","JAPAN","Rest of World",1.89979511294845
"1019",2016-01-01,"All Other","JORDAN","Rest of World",0.165320282811577
"1020",2016-01-01,"All Other","KAZAKHSTAN","Regional Support",0.0335664119037075
"1021",2016-01-01,"All Other","KENYA","Rest of World",0.0144370625826381
"1022",2016-01-01,"All Other","KIRIBATI","Rest of World",2.76855255302354e-05
"1023",2016-01-01,"All Other","KUWAIT","Regional Support",1.64048409534843
"1024",2016-01-01,"All Other","KYRGYZSTAN","Regional Support",-0.00640657609996635
"1025",2016-01-01,"All Other","LAOS","Rest of World",0.0147665010076301
"1026",2016-01-01,"All Other","LATVIA","Rest of World",0.00869798402768881
"1027",2016-01-01,"All Other","LEBANON","Rest of World",0.0262538791123479
"1028",2016-01-01,"All Other","LIBERIA","Rest of World",0.0294347664338415
"1029",2016-01-01,"All Other","LITHUANIA","Rest of World",0.00637704406397547
"1030",2016-01-01,"All Other","LUXEMBOURG","Rest of World",0.0251069122350397
"1031",2016-01-01,"All Other","MACEDONIA","Rest of World",0.000520484205526256
"1032",2016-01-01,"All Other","MADAGASCAR","Rest of World",0.000156905323322609
"1033",2016-01-01,"All Other","MALAWI","Rest of World",0.000270376945793326
"1034",2016-01-01,"All Other","MALAYSIA","Rest of World",0.0121834371435773
"1035",2016-01-01,"All Other","MALI","Rest of World",0.000103827839853573
"1036",2016-01-01,"All Other","MALTA","Rest of World",0.0028490826058822
"1037",2016-01-01,"All Other","MARSHALL ISLANDS","Rest of World",0.0577125941949393
"1038",2016-01-01,"All Other","MAURITANIA","Rest of World",0.000539338679139582
"1039",2016-01-01,"All Other","MAURITIUS","Rest of World",0.000101962789889917
"1040",2016-01-01,"All Other","MEXICO","Rest of World",0.0223400993113343
"1041",2016-01-01,"All Other","MICRONESIA,FEDERATED STATES OF","Rest of World",0.00229079275041439
"1042",2016-01-01,"All Other","MOLDOVA","Rest of World",0.00379707722905152
"1043",2016-01-01,"All Other","MONGOLIA","Rest of World",0.00226645054947079
"1044",2016-01-01,"All Other","MONTENEGRO","Rest of World",0.000678723049249822
"1045",2016-01-01,"All Other","MOROCCO","Rest of World",0.00256999059736652
"1046",2016-01-01,"All Other","NEPAL","Rest of World",0.00506504024197082
"1047",2016-01-01,"All Other","NETHERLANDS","Rest of World",0.118699586472142
"1048",2016-01-01,"All Other","NEW ZEALAND","Rest of World",0.00158477921972092
"1049",2016-01-01,"All Other","NICARAGUA","Rest of World",0.000711127796979979
"1050",2016-01-01,"All Other","NIGER","Rest of World",0.0333999979865089
"1051",2016-01-01,"All Other","NIGERIA","Rest of World",0.000313199159085821
"1052",2016-01-01,"All Other","NORTH KOREA","Rest of World",0.000211333654146375
"1053",2016-01-01,"All Other","NORWAY","Rest of World",0.0229955736602472
"1054",2016-01-01,"All Other","OMAN","Rest of World",0.117269865469899
"1055",2016-01-01,"All Other","PAKISTAN","Regional Support",0.0338232336189246
"1056",2016-01-01,"All Other","PALAU","Rest of World",0.00323384152585304
"1057",2016-01-01,"All Other","PANAMA","Rest of World",0.00591867448265948
"1058",2016-01-01,"All Other","PAPUA NEW GUINEA","Rest of World",0.00263011276014199
"1059",2016-01-01,"All Other","PARAGUAY","Rest of World",0.00288701569928156
"1060",2016-01-01,"All Other","PERU","Rest of World",0.0108573260626011
"1061",2016-01-01,"All Other","PHILIPPINES","Rest of World",0.133608475653716
"1062",2016-01-01,"All Other","POLAND","Rest of World",0.264275862046686
"1063",2016-01-01,"All Other","PORTUGAL","Rest of World",0.015008596101124
"1064",2016-01-01,"All Other","PUERTO RICO [UNITED STATES]","Domestic",5.60033689951508e-05
"1065",2016-01-01,"All Other","QATAR","Regional Support",0.218266159768723
"1066",2016-01-01,"All Other","ROMANIA","Rest of World",0.0946677850750964
"1067",2016-01-01,"All Other","RUSSIA","Rest of World",-0.00169006171048473
"1068",2016-01-01,"All Other","RWANDA","Rest of World",0.000440849659722214
"1069",2016-01-01,"All Other","SAINT HELENA [UNITED KINGDOM]","Rest of World",0.00439658750231507
"1070",2016-01-01,"All Other","SAMOA","Rest of World",0.000241290693452365
"1071",2016-01-01,"All Other","SAO TOME AND PRINCIPE","Rest of World",0.000531377773277232
"1072",2016-01-01,"All Other","SAUDI ARABIA","Rest of World",0.981975725279707
"1073",2016-01-01,"All Other","SENEGAL","Rest of World",0.00655760045489886
"1074",2016-01-01,"All Other","SERBIA","Rest of World",0.0206492604120299
"1075",2016-01-01,"All Other","SEYCHELLES","Rest of World",0.00154253498119919
"1076",2016-01-01,"All Other","SIERRA LEONE","Rest of World",-0.000297771327341159
"1077",2016-01-01,"All Other","SINGAPORE","Rest of World",0.133408548049028
"1078",2016-01-01,"All Other","SLOVAKIA","Rest of World",0.00617729685890514
"1079",2016-01-01,"All Other","SLOVENIA","Rest of World",0.000703066247764887
"1080",2016-01-01,"All Other","SOLOMON ISLANDS","Rest of World",0.00105165777915402
"1081",2016-01-01,"All Other","SOMALIA","Rest of World",0.0559121903131172
"1082",2016-01-01,"All Other","SOUTH AFRICA","Rest of World",0.000602528066057783
"1083",2016-01-01,"All Other","SOUTH KOREA","Rest of World",1.26274018395067
"1084",2016-01-01,"All Other","SPAIN","Rest of World",0.362799150421755
"1085",2016-01-01,"All Other","SRI LANKA","Rest of World",0.00283296506429888
"1086",2016-01-01,"All Other","SWAZILAND","Rest of World",0.000402246872377257
"1087",2016-01-01,"All Other","SWEDEN","Rest of World",0.0506992485764289
"1088",2016-01-01,"All Other","SWITZERLAND","Rest of World",0.0461112785473257
"1089",2016-01-01,"All Other","TAIWAN,PROVINCE OF CHINA","Rest of World",0.00869775872715117
"1090",2016-01-01,"All Other","TAJIKISTAN","Regional Support",2.22279753498179e-05
"1091",2016-01-01,"All Other","TANZANIA","Rest of World",0.00399068720486187
"1092",2016-01-01,"All Other","THAILAND","Rest of World",0.0387894073670906
"1093",2016-01-01,"All Other","TOGO","Rest of World",0.000955662328287886
"1094",2016-01-01,"All Other","TONGA","Rest of World",0.000293940019683114
"1095",2016-01-01,"All Other","TRINIDAD AND TOBAGO","Rest of World",0.000522182773696448
"1096",2016-01-01,"All Other","TUNISIA","Rest of World",0.0198596920111792
"1097",2016-01-01,"All Other","TURKEY","Rest of World",0.216417984720425
"1098",2016-01-01,"All Other","TURKMENISTAN","Regional Support",-2.28206996958753e-05
"1099",2016-01-01,"All Other","TURKS AND CAICOS ISLANDS [UNITED KINGDOM]","Rest of World",-6.15026794183609e-05
"1100",2016-01-01,"All Other","UGANDA","Rest of World",0.0189304607291974
"1101",2016-01-01,"All Other","UKRAINE","Rest of World",0.0361617833826042
"1102",2016-01-01,"All Other","UNITED ARAB EMIRATES","Rest of World",1.3546746095054
"1103",2016-01-01,"All Other","UNITED KINGDOM","Rest of World",0.44937133956889
"1104",2016-01-01,"All Other","UNITED STATES","Domestic",270.979378746799
"1105",2016-01-01,"All Other","UNITED STATES MINOR OUTLYING ISLANDS","Domestic",0.000968103850738764
"1106",2016-01-01,"All Other","URUGUAY","Rest of World",0.0048326739119764
"1107",2016-01-01,"All Other","UZBEKISTAN","Regional Support",0.0104822434429175
"1108",2016-01-01,"All Other","VANUATU","Rest of World",5.14749619930131e-07
"1109",2016-01-01,"All Other","VIETNAM","Rest of World",0.0294617617547212
"1110",2016-01-01,"All Other","ZAMBIA","Rest of World",0.000720257349318762
"1111",2016-01-01,"All Other",NA,NA,0.0026592724153745
"1112",2016-01-01,"Confident OCO","",NA,0
"1113",2016-01-01,"Confident OCO","AFGHANISTAN","Afghanistan and Iraq",0.499803395427704
"1114",2016-01-01,"Confident OCO","CANADA","Rest of World",0.00212627641792221
"1115",2016-01-01,"Confident OCO","Cuba","Rest of World",0.00164346887351229
"1116",2016-01-01,"Confident OCO","DJIBOUTI","Rest of World",0.00865113581281546
"1117",2016-01-01,"Confident OCO","GERMANY","Rest of World",-0.000457091781663596
"1118",2016-01-01,"Confident OCO","GUATEMALA","Rest of World",3.27765069074111e-05
"1119",2016-01-01,"Confident OCO","IRAQ","Afghanistan and Iraq",0.274495018835276
"1120",2016-01-01,"Confident OCO","ITALY","Rest of World",0.00192161004297054
"1121",2016-01-01,"Confident OCO","JAPAN","Rest of World",-0.000183564888847771
"1122",2016-01-01,"Confident OCO","JORDAN","Rest of World",0.0147436822654977
"1123",2016-01-01,"Confident OCO","KENYA","Rest of World",0.000851874041696205
"1124",2016-01-01,"Confident OCO","KUWAIT","Regional Support",0.0523152283920231
"1125",2016-01-01,"Confident OCO","LIBERIA","Rest of World",-0.0023608700592785
"1126",2016-01-01,"Confident OCO","PAKISTAN","Regional Support",1.95729271877263e-05
"1127",2016-01-01,"Confident OCO","PHILIPPINES","Rest of World",0.00269148497611121
"1128",2016-01-01,"Confident OCO","QATAR","Regional Support",0.0101601632179382
"1129",2016-01-01,"Confident OCO","SAUDI ARABIA","Rest of World",-6.8552203034621e-06
"1130",2016-01-01,"Confident OCO","SOMALIA","Rest of World",0.00109889612207945
"1131",2016-01-01,"Confident OCO","SOUTH KOREA","Rest of World",0.0276047629582563
"1132",2016-01-01,"Confident OCO","TURKEY","Rest of World",0.0166791204990074
"1133",2016-01-01,"Confident OCO","UGANDA","Rest of World",3.16698961885656e-05
"1134",2016-01-01,"Confident OCO","UKRAINE","Rest of World",0.0170255335386139
"1135",2016-01-01,"Confident OCO","UNITED ARAB EMIRATES","Rest of World",0.0106442334705802
"1136",2016-01-01,"Confident OCO","UNITED STATES","Domestic",0.336738132607789
