"","Contract Number","Military
Department","Contract
Type","Days From Award
To Qualifying
Proposal*","Days from
Qualifying
Proposal To
Definitization","Days from Award
to Definitization","Obligation At
Definitization
(in Millions)","IDVpiid","PIID","CSIScontractID","Action_Obligation_Then_Year","IsClosed","IsTerminated","LastCurrentCompletionDate","MinOfSignedDate","MaxBoostDate","MinOfEffectiveDate","IsParentCSIScontractID","StartFiscal_Year","IsComplete","topContractingOfficeAgencyID","topContractingOfficeID","topProductOrServiceCode","topPrincipalNAICScode","Pricing_Mechanism_Code","UnmodifiedTypeOfContractPricing","IsLabeledPricing","UCA","Action_Obligation_OMB20_GDP18","DaysToDefinitize","qToDefinitize","ObligatedAmountIsUCA_Then_Year","Customer","SubCustomer","UnmodifiedNumberOfOffersReceived","UnmodifiedIsFullAndOpen","UnmodifiedIsSomeCompetition","UnmodifiedIsOnlyOneSource","UnmodifiedIsFollowonToCompetedAction","UnmodifiedIsUrgency","Unmodifiedmultipleorsingleawardidc","unmodifiedaward_type_code","unmodifiedidv_type_code","NumberOfOffersReceived","IsFullAndOpen","IsSomeCompetition","ObligatedAmountIsSomeCompetition","IsOnlyOneSource","IsFollowonToCompetedAction","IsUrgency","IsIDV","multipleorsingleawardidc","Award_Type_Code","IDV_Type_Code","Veh","ObligatedAmountIsUCA_OMB20_GDP18","IsUCA","UnmodifiedIsUCA","ObligatedAmountIsUCA","MinOfChangeOrderDate","MinOfDefinitizeDate","MinOfNotUCA"
"1","FA8625-15-D-6591 DO 0005","Air Force","CP",215,605,820,65.1,"FA862515D6591","5",NA,NA,NA,NA,NA,NA,NA,NA,NA,NA,NA,NA,NA,NA,NA,NA,NA,NA,NA,NA,NA,NA,NA,NA,NA,NA,NA,NA,NA,NA,NA,NA,NA,NA,NA,NA,NA,NA,NA,NA,NA,NA,NA,NA,NA,NA,NA,NA,NA,NA,NA,NA,NA
"2","N00024-10-C-2118","Navy","CP",353,415,768,104.8,"","N0002410C2118",2964692,1393639573,0,0,2019-02-28 00:00:00,2010-07-02,2019-05-30,2010-07-02,0,2010,1,"1700","N00024","1905","541330","U","U",1,"UCA",1448388664.51881,41,"[0 months,~2 months)",270881639,"Defense","Navy",1,0,0,1,0,0,NA,"D",NA,1,0,0,NA,1,0,0,"fed_uca/Pur",NA,"D",NA,"Def/Pur",281523216.586988,NA,1,270881639,2010-08-11,2010-08-11,2010-10-29
"3","N00019-16-G-0006 DO 0001","Navy","CP",542,224,766,12.2,"N0001916G0006","1",NA,NA,NA,NA,NA,NA,NA,NA,NA,NA,NA,NA,NA,NA,NA,NA,NA,NA,NA,NA,NA,NA,NA,NA,NA,NA,NA,NA,NA,NA,NA,NA,NA,NA,NA,NA,NA,NA,NA,NA,NA,NA,NA,NA,NA,NA,NA,NA,NA,NA,NA,NA,NA
"4","W58RGZ-15-C-0085","Army","FFP/CP",56,706,762,39.2,"","W58RGZ15C0085",NA,NA,NA,NA,NA,NA,NA,NA,NA,NA,NA,NA,NA,NA,NA,NA,NA,NA,NA,NA,NA,NA,NA,NA,NA,NA,NA,NA,NA,NA,NA,NA,NA,NA,NA,NA,NA,NA,NA,NA,NA,NA,NA,NA,NA,NA,NA,NA,NA,NA,NA,NA,NA
"5","FA8620-16-C-4008","Air Force","CP",323,421,744,51.1,"","FA862016C4008",65609618,63985214,0,0,2020-06-04 00:00:00,2016-06-01,2019-03-11,2016-06-01,0,2016,0,"5700","FA8620","5841","334511","U","U",1,"UCA",60340639.3813655,745,"(~2 years+]",39297806,"Defense","Air Force",1,0,0,0,0,0,NA,"D",NA,1,0,0,NA,0,0,0,"fed_uca/Pur",NA,"D",NA,"Def/Pur",37059417.2010562,NA,1,39297806,NA,2018-06-15,2016-12-09
"6","N00024-12-C-4221","Navy","CP",0,630,630,32.4,"","N0002412C4221",NA,NA,NA,NA,NA,NA,NA,NA,NA,NA,NA,NA,NA,NA,NA,NA,NA,NA,NA,NA,NA,NA,NA,NA,NA,NA,NA,NA,NA,NA,NA,NA,NA,NA,NA,NA,NA,NA,NA,NA,NA,NA,NA,NA,NA,NA,NA,NA,NA,NA,NA,NA,NA
"7","FA8625-11-C-6600","Air Force","FFP",202,407,609,56.9,"","FA862511C6600",NA,NA,NA,NA,NA,NA,NA,NA,NA,NA,NA,NA,NA,NA,NA,NA,NA,NA,NA,NA,NA,NA,NA,NA,NA,NA,NA,NA,NA,NA,NA,NA,NA,NA,NA,NA,NA,NA,NA,NA,NA,NA,NA,NA,NA,NA,NA,NA,NA,NA,NA,NA,NA
"8","N00019-15-C-0122","Navy","FFP/CP",118,469,587,291.1,"","N0001915C0122",NA,NA,NA,NA,NA,NA,NA,NA,NA,NA,NA,NA,NA,NA,NA,NA,NA,NA,NA,NA,NA,NA,NA,NA,NA,NA,NA,NA,NA,NA,NA,NA,NA,NA,NA,NA,NA,NA,NA,NA,NA,NA,NA,NA,NA,NA,NA,NA,NA,NA,NA,NA,NA
"9","N00024-12-C-4222","Navy","CP",0,576,576,20.8,"","N0002412C4222",NA,NA,NA,NA,NA,NA,NA,NA,NA,NA,NA,NA,NA,NA,NA,NA,NA,NA,NA,NA,NA,NA,NA,NA,NA,NA,NA,NA,NA,NA,NA,NA,NA,NA,NA,NA,NA,NA,NA,NA,NA,NA,NA,NA,NA,NA,NA,NA,NA,NA,NA,NA,NA
"10","FA8808-12-C-0010","Air Force","FFP",372,162,534,887,"","FA880812C0010",1431317,2003839242,0,0,2022-01-24 00:00:00,2012-05-15,2019-09-30,2012-05-15,0,2012,0,"5700","FA8808","AR92","336414",NA,NA,1,"UCA",2003839242,535,"(~1 year,~2 years]",1690158987,"Defense","Air Force",1,0,0,1,0,0,NA,"D",NA,1,0,0,NA,1,0,0,"fed_uca/Pur",NA,"D",NA,"Def/Pur",1690158987,NA,1,1690158987,2019-02-12,2013-10-31,2012-12-31
"11","FA8730-18-F-0016","Air Force","FFP/CP",237,293,530,38.6,"","FA873018F0016",NA,NA,NA,NA,NA,NA,NA,NA,NA,NA,NA,NA,NA,NA,NA,NA,NA,NA,NA,NA,NA,NA,NA,NA,NA,NA,NA,NA,NA,NA,NA,NA,NA,NA,NA,NA,NA,NA,NA,NA,NA,NA,NA,NA,NA,NA,NA,NA,NA,NA,NA,NA,NA
"12","FA8611-08-C-2896","Air Force","CP",243,270,513,419.7,"","FA861108C2896",NA,NA,NA,NA,NA,NA,NA,NA,NA,NA,NA,NA,NA,NA,NA,NA,NA,NA,NA,NA,NA,NA,NA,NA,NA,NA,NA,NA,NA,NA,NA,NA,NA,NA,NA,NA,NA,NA,NA,NA,NA,NA,NA,NA,NA,NA,NA,NA,NA,NA,NA,NA,NA
"13","N00024-05-C-5346","Navy","CP",70,435,505,55.1,"","N0002405C5346",2963497,5670343612.2703,0,0,2019-09-29 00:00:00,2005-05-25,2019-09-23,2005-05-25,0,2005,0,"1700","N00024","AJ43","541330",NA,"R",1,"UCA",6505671881.90718,308.041666666667,"[~7 months-~1 year]",5186431691,"Defense","Navy",1,0,0,1,0,0,NA,"D",NA,1,0,0,NA,1,0,0,"fed_uca/Pur",NA,"D",NA,"Def/Pur",5950472339.37586,NA,1,5186431691,2006-03-28,2006-03-28,2009-12-04
"14","W56HZV-14-C-0048","Army","FFP",97,364,461,38,"","W56HZV14C0048",28441907,37940672,0,0,2016-05-31 00:00:00,2013-12-20,2016-03-22,2013-12-20,NA,2014,1,"2100","W56HZV","2520","336350","J","J",1,"UCA",36548186.109238,466.958333333333,"(~1 year,~2 years]",24307799,"Defense","Army",1,0,0,1,0,0,NA,"D",NA,1,0,0,NA,1,0,0,"fed_uca/Pur",NA,"D",NA,"Def/Pur",23415662.2676043,NA,1,24307799,NA,2015-03-31,2014-01-29
"15","N00019-16-C-0015","Navy","CP",317,131,448,116.3,"","N0001916C0015",66054774,228938845.7656,0,0,2021-09-30 00:00:00,2016-03-24,2019-08-28,2016-03-24,0,2016,0,"1700","N00019","AC14","333314","U","U",1,"UCA",215898572.015843,449,"(~1 year,~2 years]",87699234,"Defense","Navy",1,0,0,0,0,1,NA,"D",NA,1,0,0,NA,0,0,1,"fed_uca/Pur",NA,"D",NA,"Def/Pur",82703917.3896643,NA,1,87699234,2016-09-30,2017-06-15,2017-06-15
"16","N00019-16-C-0036","Navy","FFP/CP",113,335,448,57.9,"","N0001916C0036",66054781,120759141.875,0,0,2020-07-31 00:00:00,2016-03-24,2019-03-29,2016-03-24,0,2016,0,"1700","N00019","AC14","333314",NA,NA,1,"UCA",113880744.884006,449,"(~1 year,~2 years]",30120175.25,"Defense","Navy",1,0,0,0,0,1,NA,"D",NA,1,0,0,NA,0,0,1,"fed_uca/Pur",NA,"D",NA,"Def/Pur",28404540.9751037,NA,1,30120175.25,NA,2017-06-15,2017-02-23
"17","N00024-15-C-5344","Navy","FFP",81,366,447,23.3,"","N0002415C5344",NA,NA,NA,NA,NA,NA,NA,NA,NA,NA,NA,NA,NA,NA,NA,NA,NA,NA,NA,NA,NA,NA,NA,NA,NA,NA,NA,NA,NA,NA,NA,NA,NA,NA,NA,NA,NA,NA,NA,NA,NA,NA,NA,NA,NA,NA,NA,NA,NA,NA,NA,NA,NA
"18","N00024-15-C-6275","Navy","CP",89,325,414,22.3,"","N0002415C6275",NA,NA,NA,NA,NA,NA,NA,NA,NA,NA,NA,NA,NA,NA,NA,NA,NA,NA,NA,NA,NA,NA,NA,NA,NA,NA,NA,NA,NA,NA,NA,NA,NA,NA,NA,NA,NA,NA,NA,NA,NA,NA,NA,NA,NA,NA,NA,NA,NA,NA,NA,NA,NA
"19","N00024-13-C-5225","Navy","CP",0,414,414,53.2,"","N0002413C5225",NA,NA,NA,NA,NA,NA,NA,NA,NA,NA,NA,NA,NA,NA,NA,NA,NA,NA,NA,NA,NA,NA,NA,NA,NA,NA,NA,NA,NA,NA,NA,NA,NA,NA,NA,NA,NA,NA,NA,NA,NA,NA,NA,NA,NA,NA,NA,NA,NA,NA,NA,NA,NA
"20","W56HZV-12-C-0404","Army","FFP",306,100,406,177.6,"","W56HZV12C0404",NA,NA,NA,NA,NA,NA,NA,NA,NA,NA,NA,NA,NA,NA,NA,NA,NA,NA,NA,NA,NA,NA,NA,NA,NA,NA,NA,NA,NA,NA,NA,NA,NA,NA,NA,NA,NA,NA,NA,NA,NA,NA,NA,NA,NA,NA,NA,NA,NA,NA,NA,NA,NA
"21","FA8611-08-C-2897","Air Force","CP",148,239,387,21,"","FA861108C2897",NA,NA,NA,NA,NA,NA,NA,NA,NA,NA,NA,NA,NA,NA,NA,NA,NA,NA,NA,NA,NA,NA,NA,NA,NA,NA,NA,NA,NA,NA,NA,NA,NA,NA,NA,NA,NA,NA,NA,NA,NA,NA,NA,NA,NA,NA,NA,NA,NA,NA,NA,NA,NA
"22","W56HZV-12-C-0198","Army","FFP/CP",21,357,378,113.3,"","W56HZV12C0198",7977749,112561105.14,1,0,2014-12-31 12:12:00,2012-04-19,2013-09-19,2012-04-19,0,2012,1,"2100","W56HZV","2350","336992","J","J",1,"UCA",112561105.14,379,"(~1 year,~2 years]",113250219.8,"Defense","Army",1,0,0,1,0,0,NA,"D",NA,1,0,0,NA,1,0,0,"fed_uca/Pur",NA,"D",NA,"Def/Pur",113250219.8,NA,1,113250219.8,NA,2013-05-02,2012-05-18
"23","W31P4Q-13-C-0231","Army","FFP",30,340,370,24,"","W31P4Q13C0231",26367060,104304153.71,0,0,2019-03-31 12:03:00,2013-09-24,2018-07-11,2013-09-24,0,2013,1,"2100","W31P4Q","1340","336414","J","J",1,"UCA",102419632.472506,371,"(~1 year,~2 years]",25596766.13,"Defense","Army",1,0,0,1,0,0,NA,"D",NA,1,0,0,NA,1,0,0,"fed_uca/Pur",NA,"D",NA,"Def/Pur",25134295.1001571,NA,1,25596766.13,2014-02-06,2014-09-29,2013-12-02
"24","FA8620-17-C-4029","Air Force","FFP",0,370,370,40.3,"","FA862017C4029",69415559,40297310,0,0,2018-06-04 00:00:00,2017-06-02,2017-09-22,2017-06-02,NA,2017,1,"5700","FA8620","R799","561990","J","J",1,"UCA",37326148.5735458,371,"(~1 year,~2 years]",13175072,"Defense","Air Force",1,0,0,0,0,0,NA,"D",NA,1,0,0,NA,0,0,0,"fed_uca/Pur",NA,"D",NA,"Def/Pur",12203660.6150426,NA,1,13175072,NA,2018-06-07,2017-08-03
"25","N00024-05-C-5346","Navy","CP",65,300,365,26.3,"","N0002405C5346",2963497,5670343612.2703,0,0,2019-09-29 00:00:00,2005-05-25,2019-09-23,2005-05-25,0,2005,0,"1700","N00024","AJ43","541330",NA,"R",1,"UCA",6505671881.90718,308.041666666667,"[~7 months-~1 year]",5186431691,"Defense","Navy",1,0,0,1,0,0,NA,"D",NA,1,0,0,NA,1,0,0,"fed_uca/Pur",NA,"D",NA,"Def/Pur",5950472339.37586,NA,1,5186431691,2006-03-28,2006-03-28,2009-12-04
"26","W56HZV-16-C-0010","Army","FFP/CP",52,311,363,83.9,"","W56HZV16C0010",63009053,87446834.9756,0,0,2019-11-30 12:11:00,2015-12-11,2019-05-31,2015-12-11,0,2016,0,"2100","W56HZV","2350","336992","L","L",1,"UCA",82465894.9222935,364,"[~7 months-~1 year]",83899999,"Defense","Army",1,0,0,1,0,0,NA,"D",NA,1,0,0,NA,1,0,0,"fed_uca/Pur",NA,"D",NA,"Def/Pur",79121085.4394568,NA,1,83899999,NA,2016-12-08,2016-06-02
"27","W31P4Q-17-C-0125","Army","FFP/CP",78,281,359,151.6,"","W31P4Q17C0125",70714776,152005424,0,0,2020-05-30 12:05:00,2017-08-02,2018-10-15,2017-08-02,0,2017,0,"2100","W31P4Q","1338","541712","J","J",1,"UCA",140797910.337162,360,"[~7 months-~1 year]",151555532,"Defense","Army",1,0,0,1,0,0,NA,"D",NA,1,0,0,NA,1,0,0,"fed_uca/Pur",NA,"D",NA,"Def/Pur",140381189.329381,NA,1,151555532,2018-12-13,2018-07-27,2018-04-09
"28","FA8625-11-C-6600","Air Force","FFP",202,156,358,3.2,"","FA862511C6600",NA,NA,NA,NA,NA,NA,NA,NA,NA,NA,NA,NA,NA,NA,NA,NA,NA,NA,NA,NA,NA,NA,NA,NA,NA,NA,NA,NA,NA,NA,NA,NA,NA,NA,NA,NA,NA,NA,NA,NA,NA,NA,NA,NA,NA,NA,NA,NA,NA,NA,NA,NA,NA
"29","FA8620-11-G-4038 DO 34","Air Force","CP",118,225,343,39.4,"FA862011G4038","34",NA,NA,NA,NA,NA,NA,NA,NA,NA,NA,NA,NA,NA,NA,NA,NA,NA,NA,NA,NA,NA,NA,NA,NA,NA,NA,NA,NA,NA,NA,NA,NA,NA,NA,NA,NA,NA,NA,NA,NA,NA,NA,NA,NA,NA,NA,NA,NA,NA,NA,NA,NA,NA
"30","W31P4Q-15-C-0039","Army","FPIF",219,112,331,46.2,"","W31P4Q15C0039",62905710,48212444.87,0,0,2017-02-28 12:02:00,2014-12-03,2018-07-31,2014-12-03,0,2015,1,"2100","W31P4Q","1290","336414","L","L",1,"Not UCA",45886023.479585,331.958333333333,"[~7 months-~1 year]",NA,"Defense","Army",1,0,0,1,0,0,NA,"D",NA,1,0,0,NA,1,0,0,"fed_uca/Pur",NA,"D",NA,"Def/Pur",NA,0,0,NA,NA,2015-10-30,2014-12-03
"31","W58RGZ-16-C-0030","Army","FFP",0,329,329,36.2,"","W58RGZ16C0030",66918658,89044160.94,0,0,2020-09-30 12:09:00,2016-05-13,2019-01-22,2016-05-13,0,2016,0,"2100","W58RGZ","1095","541712","V","V",1,"UCA",83972237.7781969,93,"[~2 months,~7 months)",25090148,"Defense","Army",1,0,0,0,0,0,NA,"D",NA,1,0,0,NA,0,0,0,"fed_uca/Pur",NA,"D",NA,"Def/Pur",23661022.2557525,NA,1,25090148,2017-10-17,2016-08-13,2016-09-30
"32","W56HZV-16-C-0038","Army","FFP/CP",68,260,328,281.3,"","W56HZV16C0038",63008749,343519005,0,0,2018-08-31 12:08:00,2016-01-15,2017-09-28,2016-01-15,0,2016,1,"2100","W56HZV","J010","336992",NA,"S",1,"UCA",323952286.872878,229.958333333333,"[~7 months-~1 year]",165578230,"Defense","Army",1,0,0,0,0,1,NA,"D",NA,1,0,0,NA,0,0,1,"fed_uca/Pur",NA,"D",NA,"Def/Pur",156146953.97963,NA,1,165578230,2017-08-31,2016-08-31,2016-02-16
"33","W31P4Q-15-C-0153","Army","FFP",0,328,328,21.3,"","W31P4Q15C0153",NA,NA,NA,NA,NA,NA,NA,NA,NA,NA,NA,NA,NA,NA,NA,NA,NA,NA,NA,NA,NA,NA,NA,NA,NA,NA,NA,NA,NA,NA,NA,NA,NA,NA,NA,NA,NA,NA,NA,NA,NA,NA,NA,NA,NA,NA,NA,NA,NA,NA,NA,NA,NA
"34","N00019-15-G-0026 DO 0503","Navy","CP",125,195,320,35.2,"N0001915G0026","503",NA,NA,NA,NA,NA,NA,NA,NA,NA,NA,NA,NA,NA,NA,NA,NA,NA,NA,NA,NA,NA,NA,NA,NA,NA,NA,NA,NA,NA,NA,NA,NA,NA,NA,NA,NA,NA,NA,NA,NA,NA,NA,NA,NA,NA,NA,NA,NA,NA,NA,NA,NA,NA
"35","W58RGZ-16-C-0008","Army","FFP/CP",160,154,314,73,"","W58RGZ16C0008",66918647,269349666.25,0,0,2020-11-30 12:11:00,2015-12-18,2019-06-24,2016-01-01,0,2016,0,"2100","W58RGZ","R706","336411","J","J",1,"UCA",254007606.799321,314.958333333333,"[~7 months-~1 year]",31894935,"Defense","Army",1,0,0,1,NA,0,NA,"D",NA,1,0,0,NA,1,NA,0,"fed_uca/Pur",NA,"D",NA,"Def/Pur",30078211.052433,NA,1,31894935,2018-09-24,2016-10-27,2016-05-27
"36","W58RGZ-17-C-0018","Army","CP",184,127,311,388,"","W58RGZ17C0018",70717980,918749097.7678,0,0,2020-10-16 12:10:00,2016-10-21,2019-09-30,2016-10-24,0,2017,0,"2100","W58RGZ","J015","336411","V","V",1,"UCA",851008797.487773,281,"[~7 months-~1 year]",166690544,"Defense","Army",1,0,0,1,0,0,NA,"D",NA,1,0,0,NA,1,0,0,"fed_uca/Pur",NA,"D",NA,"Def/Pur",154400281.585773,NA,1,166690544,2017-06-22,2017-07-28,2016-11-02
"37","N00024-14-C-5341","Navy","FFP",0,311,311,16.4,"","N0002414C5341",27171269,16922526.2188,0,0,2018-05-31 00:00:00,2014-08-18,2017-09-20,2014-08-18,NA,2014,1,"1700","N00024","5865","541712","J","J",1,"UCA",16301441.3050766,227,"[~7 months-~1 year]",8105076,"Defense","Navy",1,0,0,1,NA,0,NA,"D",NA,1,0,0,NA,1,NA,0,"fed_uca/Pur",NA,"D",NA,"Def/Pur",7807606.20364127,NA,1,8105076,NA,NA,2015-04-01
"38","N00024-11-C-6294","Navy","CP",0,308,308,20.3,"","N0002411C6294",NA,NA,NA,NA,NA,NA,NA,NA,NA,NA,NA,NA,NA,NA,NA,NA,NA,NA,NA,NA,NA,NA,NA,NA,NA,NA,NA,NA,NA,NA,NA,NA,NA,NA,NA,NA,NA,NA,NA,NA,NA,NA,NA,NA,NA,NA,NA,NA,NA,NA,NA,NA,NA
"39","W56HZV-12-C-0344","Army","FFP/CP",165,139,304,99,"","W56HZV12C0344",7977832,1067014154.6441,0,0,2023-02-28 12:02:00,2012-07-30,2019-09-19,2012-07-30,0,2012,0,"2100","W56HZV","2835","336992","J","J",1,"UCA",1067014154.6441,305,"[~7 months-~1 year]",98945492,"Defense","Army",1,0,0,1,0,0,NA,"D",NA,1,0,0,NA,1,0,0,"fed_uca/Pur",NA,"D",NA,"Def/Pur",98945492,NA,1,98945492,2014-12-16,2013-05-30,2012-10-01
"40","W56HZV-16-C-0225","Army","FFP",50,252,302,74.3,"","W56HZV16C0225",66917351,74297310,0,0,2018-11-30 00:00:00,2016-09-29,2017-07-28,2016-09-29,NA,2016,1,"2100","W56HZV","2350","336992","J","J",1,"UCA",70065362.1274991,303,"[~7 months-~1 year]",74297310,"Defense","Army",1,0,0,1,0,0,NA,"D",NA,1,0,0,NA,1,0,0,"fed_uca/Pur",NA,"D",NA,"Def/Pur",70065362.1274991,NA,1,74297310,NA,2017-07-28,2016-11-02
"41","N00024-14-C-5340","Navy","FFP",0,302,302,141.1,"","N0002414C5340",NA,NA,NA,NA,NA,NA,NA,NA,NA,NA,NA,NA,NA,NA,NA,NA,NA,NA,NA,NA,NA,NA,NA,NA,NA,NA,NA,NA,NA,NA,NA,NA,NA,NA,NA,NA,NA,NA,NA,NA,NA,NA,NA,NA,NA,NA,NA,NA,NA,NA,NA,NA,NA
"42","FA8726-18-C-0007","Air Force","CP",132,168,300,2.8,"","FA872618C0007",72127937,92367461.25,0,0,2020-08-26 00:00:00,2017-12-19,2019-09-30,2017-12-19,0,2018,0,NA,NA,NA,NA,NA,NA,1,"UCA",83742031.9582956,297.958333333333,"[~7 months-~1 year]",17201370,NA,NA,NA,NA,NA,NA,NA,NA,NA,NA,NA,NA,NA,NA,NA,NA,NA,NA,NA,NA,NA,NA,NA,15595077.0625567,NA,1,17201370,2019-03-29,2018-10-12,2018-03-01
"43","W56HZV-12-C-0378","Army","FFP",0,300,300,28.5,"","W56HZV12C0378",7977854,28498723.14,0,0,2014-08-27 00:00:00,2012-08-14,2013-06-10,2012-08-14,NA,2012,1,"2100","W56HZV","4240","333411","J","J",1,"UCA",28498723.14,275,"[~7 months-~1 year]",28498723.14,"Defense","Army",1,0,0,1,0,0,NA,"D",NA,1,0,0,NA,1,0,0,"fed_uca/Pur",NA,"D",NA,"Def/Pur",28498723.14,NA,1,28498723.14,2013-05-15,2013-05-15,2012-09-06
"44","N00024-16-C-6230","Navy","CP",0,287,287,18.8,"","N0002416C6230",63008886,72059166,0,0,2019-04-22 00:00:00,2015-12-11,2019-04-12,2015-12-11,0,2016,1,"1700","N00024","R425","541330","V","V",1,"UCA",67954701.9992456,287.958333333333,"[~7 months-~1 year]",29623757,"Defense","Navy",1,0,0,1,0,0,NA,"D",NA,1,0,0,NA,1,0,0,"fed_uca/Pur",NA,"D",NA,"Def/Pur",27936398.528857,NA,1,29623757,NA,2016-09-23,2016-07-18
"45","W58RGZ-17-C-0018","Army","CP",0,280,280,290.3,"","W58RGZ17C0018",70717980,918749097.7678,0,0,2020-10-16 12:10:00,2016-10-21,2019-09-30,2016-10-24,0,2017,0,"2100","W58RGZ","J015","336411","V","V",1,"UCA",851008797.487773,281,"[~7 months-~1 year]",166690544,"Defense","Army",1,0,0,1,0,0,NA,"D",NA,1,0,0,NA,1,0,0,"fed_uca/Pur",NA,"D",NA,"Def/Pur",154400281.585773,NA,1,166690544,2017-06-22,2017-07-28,2016-11-02
"46","W56HZV-12-C-0344","Army","FFP",94,179,273,335.4,"","W56HZV12C0344",7977832,1067014154.6441,0,0,2023-02-28 12:02:00,2012-07-30,2019-09-19,2012-07-30,0,2012,0,"2100","W56HZV","2835","336992","J","J",1,"UCA",1067014154.6441,305,"[~7 months-~1 year]",98945492,"Defense","Army",1,0,0,1,0,0,NA,"D",NA,1,0,0,NA,1,0,0,"fed_uca/Pur",NA,"D",NA,"Def/Pur",98945492,NA,1,98945492,2014-12-16,2013-05-30,2012-10-01
"47","N00024-05-C-5346","Navy","CP",52,217,269,12.5,"","N0002405C5346",2963497,5670343612.2703,0,0,2019-09-29 00:00:00,2005-05-25,2019-09-23,2005-05-25,0,2005,0,"1700","N00024","AJ43","541330",NA,"R",1,"UCA",6505671881.90718,308.041666666667,"[~7 months-~1 year]",5186431691,"Defense","Navy",1,0,0,1,0,0,NA,"D",NA,1,0,0,NA,1,0,0,"fed_uca/Pur",NA,"D",NA,"Def/Pur",5950472339.37586,NA,1,5186431691,2006-03-28,2006-03-28,2009-12-04
"48","FA8611-08-C-2896","Air Force","CP",49,218,267,458.4,"","FA861108C2896",NA,NA,NA,NA,NA,NA,NA,NA,NA,NA,NA,NA,NA,NA,NA,NA,NA,NA,NA,NA,NA,NA,NA,NA,NA,NA,NA,NA,NA,NA,NA,NA,NA,NA,NA,NA,NA,NA,NA,NA,NA,NA,NA,NA,NA,NA,NA,NA,NA,NA,NA,NA,NA
"49","W56HZV-17-C-0001","Army","FFP",132,133,265,136.1,"","W56HZV17C0001",70717190,875406380.25,0,1,2021-01-31 12:01:00,2017-03-31,2019-07-30,2017-03-31,0,2017,1,"2100","W56HZV","2350","336211","J","J",1,"UCA",810861782.373101,266.041666666667,"[~7 months-~1 year]",426897980,"Defense","Army",1,0,0,1,0,0,NA,"D",NA,1,0,0,NA,1,0,0,"fed_uca/Pur",NA,"D",NA,"Def/Pur",395422360.133383,NA,1,426897980,2017-09-19,2017-12-21,2017-11-30
"50","W58RGZ-15-C-0038","Army","FPIF",99,162,261,30.8,"","W58RGZ15C0038",NA,NA,NA,NA,NA,NA,NA,NA,NA,NA,NA,NA,NA,NA,NA,NA,NA,NA,NA,NA,NA,NA,NA,NA,NA,NA,NA,NA,NA,NA,NA,NA,NA,NA,NA,NA,NA,NA,NA,NA,NA,NA,NA,NA,NA,NA,NA,NA,NA,NA,NA,NA,NA
"51","W58RGZ-17-C-0035","Army","CP",33,226,259,57.3,"","W58RGZ17C0035",70717990,205697611.125,0,0,2020-11-30 12:11:00,2016-12-15,2019-08-28,2016-12-15,0,2017,0,"2100","W58RGZ","1550","336411","U","U",1,"UCA",190531318.196554,259.958333333333,"[~7 months-~1 year]",57307277.125,"Defense","Army",1,0,0,1,NA,0,NA,"D",NA,1,0,0,NA,1,NA,0,"fed_uca/Pur",NA,"D",NA,"Def/Pur",53081953.6170804,NA,1,57307277.125,2017-09-10,2017-08-31,2017-06-07
"52","W58RGZ-17-C-0027","Army","FFP/CP",102,140,242,25.2,"","W58RGZ17C0027",70717986,58619672,0,0,2021-05-31 12:05:00,2016-12-23,2019-02-27,2017-01-01,0,2017,0,"2100","W58RGZ","1680","336413","J","J",1,"UCA",54297584.290478,251.958333333333,"[~7 months-~1 year]",9105140,"Defense","Army",1,0,0,1,0,0,NA,"D",NA,1,0,0,NA,1,0,0,"fed_uca/Pur",NA,"D",NA,"Def/Pur",8433808.81808077,NA,1,9105140,2018-03-01,2017-08-31,2017-04-20
"53","W56HZV-15-C-0119","Army","FFP/CP",0,250,250,30,"","W56HZV15C0119",NA,NA,NA,NA,NA,NA,NA,NA,NA,NA,NA,NA,NA,NA,NA,NA,NA,NA,NA,NA,NA,NA,NA,NA,NA,NA,NA,NA,NA,NA,NA,NA,NA,NA,NA,NA,NA,NA,NA,NA,NA,NA,NA,NA,NA,NA,NA,NA,NA,NA,NA,NA,NA
"54","N00024-14-C-5106","Navy","FFP",0,247,247,34.7,"","N0002414C5106",27165900,489784662.5,0,0,2023-11-30 00:00:00,2014-07-23,2019-09-25,2014-07-23,0,2014,0,"1700","N00024","1210","334511","J","J",1,"UCA",471808749.157114,248,"[~7 months-~1 year]",30344957,"Defense","Navy",1,0,0,1,0,0,NA,"D",NA,1,0,0,NA,1,0,0,"fed_uca/Pur",NA,"D",NA,"Def/Pur",29231246.5080435,NA,1,30344957,2016-09-27,2015-03-27,2015-03-27
"55","N00024-15-C-6275","Navy","FFP",0,245,245,20.1,"","N0002415C6275",NA,NA,NA,NA,NA,NA,NA,NA,NA,NA,NA,NA,NA,NA,NA,NA,NA,NA,NA,NA,NA,NA,NA,NA,NA,NA,NA,NA,NA,NA,NA,NA,NA,NA,NA,NA,NA,NA,NA,NA,NA,NA,NA,NA,NA,NA,NA,NA,NA,NA,NA,NA,NA
"56","FA8611-08-C-2896","Air Force","CP",119,125,244,465.4,"","FA861108C2896",NA,NA,NA,NA,NA,NA,NA,NA,NA,NA,NA,NA,NA,NA,NA,NA,NA,NA,NA,NA,NA,NA,NA,NA,NA,NA,NA,NA,NA,NA,NA,NA,NA,NA,NA,NA,NA,NA,NA,NA,NA,NA,NA,NA,NA,NA,NA,NA,NA,NA,NA,NA,NA
"57","W56HZV-17-C-0021","Army","FFP/CP",69,169,238,39.1,"","W56HZV17C0021",70717209,39125002,0,0,2020-02-28 00:00:00,2016-12-27,2017-08-17,2016-12-27,0,2017,0,"2100","W56HZV","2350","336992","J","J",1,"UCA",36240276.0281586,233.958333333333,"[~7 months-~1 year]",39125002,"Defense","Army",1,0,0,1,0,0,NA,"D",NA,1,0,0,NA,1,0,0,"fed_uca/Pur",NA,"D",NA,"Def/Pur",36240276.0281586,NA,1,39125002,NA,2017-08-17,2016-12-29
"58","W31P4Q-17-C-0068","Army","FFP/CP",90,147,237,61.6,"","W31P4Q17C0068",70714746,79410974.3301,0,0,2019-09-28 12:09:00,2017-01-31,2018-04-30,2017-01-31,0,2017,1,"2100","W31P4Q","1095","541330","S","S",1,"UCA",73555922.869674,237.958333333333,"[~7 months-~1 year]",79918218,"Defense","Army",1,0,0,1,0,0,NA,"D",NA,1,0,0,NA,1,0,0,"fed_uca/Pur",NA,"D",NA,"Def/Pur",74025766.9507225,NA,1,79918218,NA,2017-09-25,2017-03-03
"59","W56HZV-14-C-0054","Army","FFP/CP",46,188,234,61.6,"","W56HZV14C0054",27381038,92052069.1407,0,0,2017-01-31 00:00:00,2014-01-31,2016-11-09,2014-01-31,NA,2014,1,"2100","W56HZV","2350","336992","J","J",1,"UCA",88673604.7979,234.958333333333,"[~7 months-~1 year]",61604339,"Defense","Army",1,0,0,1,0,0,NA,"D",NA,1,0,0,NA,1,0,0,"fed_uca/Pur",NA,"D",NA,"Def/Pur",59343357.0946922,NA,1,61604339,NA,2014-09-22,2014-05-14
"60","FA8730-18-C-0017","Air Force","FFP/CP",79,154,233,10.9,"","FA873018C0017",72128077,23139076.1406,0,0,2022-08-31 00:00:00,2017-12-19,2019-07-22,2017-12-19,0,2018,0,NA,NA,NA,NA,NA,NA,1,"UCA",20978310.1909338,238.958333333333,"[~7 months-~1 year]",3140626,NA,NA,NA,NA,NA,NA,NA,NA,NA,NA,NA,NA,NA,NA,NA,NA,NA,NA,NA,NA,NA,NA,NA,2847349.04805077,NA,1,3140626,NA,2018-08-14,2018-08-14
"61","W56HZV-13-C-0358","Army","FFP",30,201,231,140.6,"","W56HZV13C0358",25555245,141232788,0,0,2018-02-05 00:00:00,2013-08-21,2014-04-30,2013-08-21,NA,2013,1,"2100","W56HZV","2350","336992","J","J",1,"UCA",138681056.559309,232,"[~7 months-~1 year]",140595703,"Defense","Army",1,0,0,1,0,0,NA,"D",NA,1,0,0,NA,1,0,0,"fed_uca/Pur",NA,"D",NA,"Def/Pur",138055482.12883,NA,1,140595703,2014-04-30,2014-04-09,2014-04-30
"62","W31P4Q-17-C-0175","Army","CP",153,77,230,36.1,"","W31P4Q17C0175",71600054,39213957,0,0,2019-02-28 12:02:00,2017-09-28,2018-09-26,2017-09-28,0,2017,1,"2100","W31P4Q","1680","334511","S","S",1,"UCA",36322672.2860319,231,"[~7 months-~1 year]",36076967,"Defense","Army",1,0,0,0,0,1,NA,"D",NA,1,0,0,NA,0,0,1,"fed_uca/Pur",NA,"D",NA,"Def/Pur",33416975.7317525,NA,1,36076967,NA,2018-05-16,2017-10-12
"63","W56HZV-16-C-0038","Army","CP",69,160,229,60.5,"","W56HZV16C0038",63008749,343519005,0,0,2018-08-31 12:08:00,2016-01-15,2017-09-28,2016-01-15,0,2016,1,"2100","W56HZV","J010","336992",NA,"S",1,"UCA",323952286.872878,229.958333333333,"[~7 months-~1 year]",165578230,"Defense","Army",1,0,0,0,0,1,NA,"D",NA,1,0,0,NA,0,0,1,"fed_uca/Pur",NA,"D",NA,"Def/Pur",156146953.97963,NA,1,165578230,2017-08-31,2016-08-31,2016-02-16
"64","FA8730-18-C-0007","Air Force","FFP",94,133,227,35.8,"","FA873018C0007",72128072,35806685.4297,0,0,2018-11-23 00:00:00,2017-11-24,2018-11-20,2017-11-24,0,2018,1,NA,NA,NA,NA,"J","J",1,"UCA",32462996.7631006,224.958333333333,"[~7 months-~1 year]",19242724,NA,NA,NA,NA,NA,NA,NA,NA,NA,NA,NA,NA,NA,NA,NA,NA,NA,NA,NA,NA,NA,NA,NA,17445805.9836809,NA,1,19242724,NA,2018-07-06,2018-02-08
"65","FA8611-08-C-2897","Air Force","CP",0,227,227,772.8,"","FA861108C2897",NA,NA,NA,NA,NA,NA,NA,NA,NA,NA,NA,NA,NA,NA,NA,NA,NA,NA,NA,NA,NA,NA,NA,NA,NA,NA,NA,NA,NA,NA,NA,NA,NA,NA,NA,NA,NA,NA,NA,NA,NA,NA,NA,NA,NA,NA,NA,NA,NA,NA,NA,NA,NA
"66","N00024-12-C-6306","Navy","FFP/CP",73,153,226,45.6,"","N0002412C6306",2965312,48191286,0,0,2013-09-30 00:00:00,2012-02-17,2013-07-02,2012-02-17,NA,2012,1,"1700","N00024","5845","334511","U","U",1,"UCA",48191286,301,"[~7 months-~1 year]",46810432,"Defense","Navy",1,0,0,0,0,1,NA,"D",NA,1,0,0,NA,0,0,1,"fed_uca/Pur",NA,"D",NA,"Def/Pur",46810432,NA,1,46810432,NA,NA,2012-12-13
"67","N00019-11-G-0001 DO 0080","Navy","CP",83,142,225,13,"N0001911G0001","80",NA,NA,NA,NA,NA,NA,NA,NA,NA,NA,NA,NA,NA,NA,NA,NA,NA,NA,NA,NA,NA,NA,NA,NA,NA,NA,NA,NA,NA,NA,NA,NA,NA,NA,NA,NA,NA,NA,NA,NA,NA,NA,NA,NA,NA,NA,NA,NA,NA,NA,NA,NA,NA
"68","FA8620-11-G-4025 DO 1631","Air Force","FFP/CP",0,224,224,24.6,"FA862011G4025","1631",63009368,24606605,0,0,2016-12-13 00:00:00,2015-12-10,2016-07-21,2015-12-10,NA,2016,1,"5700","FA8620","J015","336413",NA,NA,1,"UCA",23205021.6899283,50,"[0 months,~2 months)",10350022,"Defense","Air Force",1,0,0,0,0,0,"SINGLE AWARD","C","D",1,0,0,NA,0,0,0,"IDV","SINGLE AWARD","C","D","BPA/BOA",9760488.49490758,NA,1,10350022,NA,NA,2016-01-28
"69","FA8730-17-C-0016","Air Force","FFP",140,82,222,15.6,"","FA873017C0016",69416709,16032830.0898,0,0,2018-01-19 00:00:00,2017-02-16,2017-10-27,2017-02-16,NA,2017,1,"5700","FA8730","5865","334511","J","J",1,"UCA",14850713.3103001,222.958333333333,"[~7 months-~1 year]",9874907,"Defense","Air Force",1,0,0,0,0,1,NA,"D",NA,1,0,0,NA,0,0,1,"fed_uca/Pur",NA,"D",NA,"Def/Pur",9146820.11856243,NA,1,9874907,NA,2017-09-26,2017-09-26
"70","W31P4Q-16-C-0028","Army","FFP",0,221,221,35,"","W31P4Q16C0028",66913858,114181049,0,0,2019-12-31 00:00:00,2015-12-21,2018-07-25,2016-01-01,0,2016,0,"2100","W31P4Q","5998","335999","J","J",1,"UCA",107677337.797058,221.958333333333,"[~7 months-~1 year]",35017089,"Defense","Army",1,0,0,1,0,0,NA,"D",NA,1,0,0,NA,1,0,0,"fed_uca/Pur",NA,"D",NA,"Def/Pur",33022528.2912109,NA,1,35017089,2017-05-25,2016-07-29,2016-02-03
"71","FA8807-08-C-0010","Air Force","FFP/CP",134,84,218,31.4,"","FA880708C0010",NA,NA,NA,NA,NA,NA,NA,NA,NA,NA,NA,NA,NA,NA,NA,NA,NA,NA,NA,NA,NA,NA,NA,NA,NA,NA,NA,NA,NA,NA,NA,NA,NA,NA,NA,NA,NA,NA,NA,NA,NA,NA,NA,NA,NA,NA,NA,NA,NA,NA,NA,NA,NA
"72","FA8621-13-C-6323","Air Force","FFP",0,217,217,5.5,"","FA862113C6323",NA,NA,NA,NA,NA,NA,NA,NA,NA,NA,NA,NA,NA,NA,NA,NA,NA,NA,NA,NA,NA,NA,NA,NA,NA,NA,NA,NA,NA,NA,NA,NA,NA,NA,NA,NA,NA,NA,NA,NA,NA,NA,NA,NA,NA,NA,NA,NA,NA,NA,NA,NA,NA
"73","W56HZV-14-C-0054","Army","FFP/CP",35,181,216,32.5,"","W56HZV14C0054",27381038,92052069.1407,0,0,2017-01-31 00:00:00,2014-01-31,2016-11-09,2014-01-31,NA,2014,1,"2100","W56HZV","2350","336992","J","J",1,"UCA",88673604.7979,234.958333333333,"[~7 months-~1 year]",61604339,"Defense","Army",1,0,0,1,0,0,NA,"D",NA,1,0,0,NA,1,0,0,"fed_uca/Pur",NA,"D",NA,"Def/Pur",59343357.0946922,NA,1,61604339,NA,2014-09-22,2014-05-14
"74","N00024-09-C-5111","Navy","FFP",0,216,216,93.9,"","N0002409C5111",2964531,335173963.2031,0,0,2017-09-30 00:00:00,2009-09-23,2018-09-07,2009-09-23,NA,2009,1,"1700","N00024","1260","335929",NA,NA,1,"UCA",351335391.198218,335,"[~7 months-~1 year]",216554234,"Defense","Navy",1,0,0,1,0,0,NA,"D",NA,1,0,0,NA,1,0,0,"fed_uca/Pur",NA,"D",NA,"Def/Pur",226996052.410901,NA,1,216554234,NA,2010-08-23,2010-08-27
"75","N00019-12-C-0059","Navy","FFP/CP",92,113,205,187.8,"","N0001912C0059",2961731,406735942.22,0,0,2018-05-31 00:00:00,2012-04-23,2019-09-30,2012-04-23,0,2012,1,"1700","N00019","AC15","541712",NA,NA,1,"UCA",406735942.22,206.041666666667,"[~2 months,~7 months)",191410499.96,"Defense","Navy",1,0,0,1,0,0,NA,"D",NA,1,0,0,NA,1,0,0,"fed_uca/Pur",NA,"D",NA,"Def/Pur",191410499.96,NA,1,191410499.96,2012-08-30,2012-11-14,2012-07-03
"76","W31P4Q-17-C-0193","Army","FFP/CP",124,80,204,22.5,"","W31P4Q17C0193",71600060,84883664.3907,0,0,2020-09-30 12:09:00,2017-09-27,2019-09-25,2017-09-27,0,2017,0,"2100","W31P4Q","1410","336414","J","J",1,"UCA",78625105.956558,206,"[~2 months,~7 months)",57162011,"Defense","Army",1,0,0,1,0,0,NA,"D",NA,1,0,0,NA,1,0,0,"fed_uca/Pur",NA,"D",NA,"Def/Pur",52947398.1104113,NA,1,57162011,2019-07-05,2018-04-20,2017-12-06
"77","N00019-15-G-0026 DO 0502","Navy","CP",89,113,202,10.5,"N0001915G0026","502",NA,NA,NA,NA,NA,NA,NA,NA,NA,NA,NA,NA,NA,NA,NA,NA,NA,NA,NA,NA,NA,NA,NA,NA,NA,NA,NA,NA,NA,NA,NA,NA,NA,NA,NA,NA,NA,NA,NA,NA,NA,NA,NA,NA,NA,NA,NA,NA,NA,NA,NA,NA,NA
"78","FA8726-18-C-0007","Air Force","CP",60,136,196,63.1,"","FA872618C0007",72127937,92367461.25,0,0,2020-08-26 00:00:00,2017-12-19,2019-09-30,2017-12-19,0,2018,0,NA,NA,NA,NA,NA,NA,1,"UCA",83742031.9582956,297.958333333333,"[~7 months-~1 year]",17201370,NA,NA,NA,NA,NA,NA,NA,NA,NA,NA,NA,NA,NA,NA,NA,NA,NA,NA,NA,NA,NA,NA,NA,15595077.0625567,NA,1,17201370,2019-03-29,2018-10-12,2018-03-01
"79","FA8807-10-C-0001","Air Force","CP",0,194,194,24.9,"","FA880710C0001",NA,NA,NA,NA,NA,NA,NA,NA,NA,NA,NA,NA,NA,NA,NA,NA,NA,NA,NA,NA,NA,NA,NA,NA,NA,NA,NA,NA,NA,NA,NA,NA,NA,NA,NA,NA,NA,NA,NA,NA,NA,NA,NA,NA,NA,NA,NA,NA,NA,NA,NA,NA,NA
"80","W56HZV-16-C-0047","Army","FFP",108,84,192,15.9,"","W56HZV16C0047",66917229,72802301.375,0,0,2018-12-29 12:12:00,2015-12-15,2017-12-27,2015-12-15,0,2016,1,"2100","W56HZV","2815","333618","J","J",1,"UCA",68655508.6523953,192.958333333333,"[~2 months,~7 months)",23012595.5,"Defense","Army",1,0,0,1,0,0,NA,"D",NA,1,0,0,NA,1,0,0,"fed_uca/Pur",NA,"D",NA,"Def/Pur",21701806.3938137,NA,1,23012595.5,2017-12-19,2016-06-24,2016-03-01
"81","N00019-11-C-0061","Navy","FFP",0,192,192,27.8,"","N0001911C0061",2961653,181140791.7305,0,0,2014-03-31 00:00:00,2011-05-31,2013-08-15,2011-05-31,NA,2011,1,"1700","N00019","L015","541990","J","J",1,"UCA",184573865.631241,120,"[~2 months,~7 months)",56198401.75,"Defense","Navy",1,0,0,0,0,1,NA,"D",NA,1,0,0,NA,0,0,1,"fed_uca/Pur",NA,"D",NA,"Def/Pur",57263502.9040147,NA,1,56198401.75,NA,NA,2011-09-27
"82","FA8620-11-G-4025 DO 1640","Air Force","FFP/CP",0,186,186,72.5,"FA862011G4025","1640",63009381,72054516.5468,0,0,2017-04-18 00:00:00,2016-03-18,2016-09-20,2016-03-18,NA,2016,1,"5700","FA8620","J015","336413",NA,NA,1,"UCA",67950317.3772161,187,"[~2 months,~7 months)",66211026,"Defense","Air Force",1,0,0,0,0,0,"SINGLE AWARD","C","D",1,0,0,NA,0,0,0,"IDV","SINGLE AWARD","C","D","BPA/BOA",62439669.9358733,NA,1,66211026,NA,2016-09-20,2016-06-02
"83","FA8726-09-C-0010","Air Force","CP",36,149,185,133.1,"","FA872609C0010",1424837,1578642295.0346,0,0,2018-02-02 00:00:00,2009-06-24,2018-06-08,2009-06-24,0,2009,1,"5700","FA8726","AC64","334419",NA,NA,1,"UCA",1654761315.5499,496,"(~1 year,~2 years]",336780667.5,"Defense","Air Force",1,0,NA,0,0,1,NA,"D",NA,1,0,NA,150056757.98,0,0,1,"fed_uca/Pur",NA,"D",NA,"Def/Pur",353019567.610063,NA,1,336780667.5,2010-08-31,2010-11-01,2009-07-29
"84","N00024-05-C-5346","Navy","CP",42,140,182,6.7,"","N0002405C5346",2963497,5670343612.2703,0,0,2019-09-29 00:00:00,2005-05-25,2019-09-23,2005-05-25,0,2005,0,"1700","N00024","AJ43","541330",NA,"R",1,"UCA",6505671881.90718,308.041666666667,"[~7 months-~1 year]",5186431691,"Defense","Navy",1,0,0,1,0,0,NA,"D",NA,1,0,0,NA,1,0,0,"fed_uca/Pur",NA,"D",NA,"Def/Pur",5950472339.37586,NA,1,5186431691,2006-03-28,2006-03-28,2009-12-04
"85","N00019-12-C-0074","Navy","FFP",34,148,182,24,"","N0001912C0074",2961740,83460792.7328,0,0,2018-08-31 00:00:00,2012-03-28,2017-12-29,2012-03-28,0,2012,1,"1700","N00019","5865","334511","J","J",1,"UCA",83460792.7328,183,"[~2 months,~7 months)",46059323.6,"Defense","Navy",1,0,0,1,0,0,NA,"D",NA,1,0,0,NA,1,0,0,"fed_uca/Pur",NA,"D",NA,"Def/Pur",46059323.6,NA,1,46059323.6,NA,2012-09-26,2013-02-27
"86","N00019-12-D-0009 DO 0004","Navy","FFP",169,11,180,29.7,"N0001912D0009","4",NA,NA,NA,NA,NA,NA,NA,NA,NA,NA,NA,NA,NA,NA,NA,NA,NA,NA,NA,NA,NA,NA,NA,NA,NA,NA,NA,NA,NA,NA,NA,NA,NA,NA,NA,NA,NA,NA,NA,NA,NA,NA,NA,NA,NA,NA,NA,NA,NA,NA,NA,NA,NA
"87","N00019-12-D-0011 DO 0007","Navy","FFP",65,115,180,27.7,"N0001912D0011","7",NA,NA,NA,NA,NA,NA,NA,NA,NA,NA,NA,NA,NA,NA,NA,NA,NA,NA,NA,NA,NA,NA,NA,NA,NA,NA,NA,NA,NA,NA,NA,NA,NA,NA,NA,NA,NA,NA,NA,NA,NA,NA,NA,NA,NA,NA,NA,NA,NA,NA,NA,NA,NA
"88","W56HZV-12-C-0344","Army","FFP",43,132,175,61,"","W56HZV12C0344",7977832,1067014154.6441,0,0,2023-02-28 12:02:00,2012-07-30,2019-09-19,2012-07-30,0,2012,0,"2100","W56HZV","2835","336992","J","J",1,"UCA",1067014154.6441,305,"[~7 months-~1 year]",98945492,"Defense","Army",1,0,0,1,0,0,NA,"D",NA,1,0,0,NA,1,0,0,"fed_uca/Pur",NA,"D",NA,"Def/Pur",98945492,NA,1,98945492,2014-12-16,2013-05-30,2012-10-01
"89","FA8823-17-C-0001","Air Force","FFP",0,173,173,20,"","FA882317C0001",69417798,70846208.3125,0,0,2019-12-31 00:00:00,2016-12-28,2019-07-12,2017-01-01,0,2017,0,"5700","FA8823","R425","517919",NA,NA,1,"UCA",65622645.7136903,177.958333333333,"[~2 months,~7 months)",11104708,"Defense","Air Force",1,0,0,1,0,0,NA,"D",NA,1,0,0,NA,1,0,0,"fed_uca/Pur",NA,"D",NA,"Def/Pur",10285946.6469063,NA,1,11104708,NA,2017-06-23,2017-04-27
"90","FA8611-08-C-2897","Air Force","CP",49,123,172,44.2,"","FA861108C2897",NA,NA,NA,NA,NA,NA,NA,NA,NA,NA,NA,NA,NA,NA,NA,NA,NA,NA,NA,NA,NA,NA,NA,NA,NA,NA,NA,NA,NA,NA,NA,NA,NA,NA,NA,NA,NA,NA,NA,NA,NA,NA,NA,NA,NA,NA,NA,NA,NA,NA,NA,NA,NA
"91","FA8730-16-C-0015","Air Force","CP",11,161,172,10.3,"","FA873016C0015",65610641,50819882,0,0,2018-01-31 00:00:00,2016-03-24,2017-10-20,2016-03-24,NA,2016,1,"5700","FA8730","5841","334511","U","U",1,"UCA",47925199.9245568,173,"[~2 months,~7 months)",7500000,"Defense","Air Force",1,0,0,1,0,0,NA,"D",NA,1,0,0,NA,1,0,0,"fed_uca/Pur",NA,"D",NA,"Def/Pur",7072802.71595624,NA,1,7500000,NA,2016-09-12,2016-07-20
"92","N00019-10-G-0004","Navy","FFP/CP",29,141,170,15.6,"","N0001910G0004",NA,NA,NA,NA,NA,NA,NA,NA,NA,NA,NA,NA,NA,NA,NA,NA,NA,NA,NA,NA,NA,NA,NA,NA,NA,NA,NA,NA,NA,NA,NA,NA,NA,NA,NA,NA,NA,NA,NA,NA,NA,NA,NA,NA,NA,NA,NA,NA,NA,NA,NA,NA,NA
"93","FA8726-09-C-0010","Air Force","CP",74,93,167,5.2,"","FA872609C0010",1424837,1578642295.0346,0,0,2018-02-02 00:00:00,2009-06-24,2018-06-08,2009-06-24,0,2009,1,"5700","FA8726","AC64","334419",NA,NA,1,"UCA",1654761315.5499,496,"(~1 year,~2 years]",336780667.5,"Defense","Air Force",1,0,NA,0,0,1,NA,"D",NA,1,0,NA,150056757.98,0,0,1,"fed_uca/Pur",NA,"D",NA,"Def/Pur",353019567.610063,NA,1,336780667.5,2010-08-31,2010-11-01,2009-07-29
"94","FA8808-17-C-0001","Air Force","FFP",25,141,166,9.5,"","FA880817C0001",69417753,9525935,0,0,2019-12-31 00:00:00,2017-07-07,2017-12-20,2017-07-07,0,2017,0,"5700","FA8808","1675","334220","J","J",1,"UCA",8823578.17710263,260,"[~7 months-~1 year]",9525935,"Defense","Air Force",1,0,0,1,0,0,NA,"D",NA,1,0,0,NA,1,0,0,"fed_uca/Pur",NA,"D",NA,"Def/Pur",8823578.17710263,NA,1,9525935,2018-03-23,NA,2018-03-23
"95","FA8611-08-C-2897","Air Force","FFP/CP",0,161,161,559.6,"","FA861108C2897",NA,NA,NA,NA,NA,NA,NA,NA,NA,NA,NA,NA,NA,NA,NA,NA,NA,NA,NA,NA,NA,NA,NA,NA,NA,NA,NA,NA,NA,NA,NA,NA,NA,NA,NA,NA,NA,NA,NA,NA,NA,NA,NA,NA,NA,NA,NA,NA,NA,NA,NA,NA,NA
"96","FA8726-09-C-0010","Air Force","CP",0,157,157,120.8,"","FA872609C0010",1424837,1578642295.0346,0,0,2018-02-02 00:00:00,2009-06-24,2018-06-08,2009-06-24,0,2009,1,"5700","FA8726","AC64","334419",NA,NA,1,"UCA",1654761315.5499,496,"(~1 year,~2 years]",336780667.5,"Defense","Air Force",1,0,NA,0,0,1,NA,"D",NA,1,0,NA,150056757.98,0,0,1,"fed_uca/Pur",NA,"D",NA,"Def/Pur",353019567.610063,NA,1,336780667.5,2010-08-31,2010-11-01,2009-07-29
"97","FA8730-17-F-0015","Air Force","CP",82,70,152,12.4,"","FA873017F0015",NA,NA,NA,NA,NA,NA,NA,NA,NA,NA,NA,NA,NA,NA,NA,NA,NA,NA,NA,NA,NA,NA,NA,NA,NA,NA,NA,NA,NA,NA,NA,NA,NA,NA,NA,NA,NA,NA,NA,NA,NA,NA,NA,NA,NA,NA,NA,NA,NA,NA,NA,NA,NA
"98","FA8621-13-C-6323","Air Force","FFP",53,95,148,5.8,"","FA862113C6323",NA,NA,NA,NA,NA,NA,NA,NA,NA,NA,NA,NA,NA,NA,NA,NA,NA,NA,NA,NA,NA,NA,NA,NA,NA,NA,NA,NA,NA,NA,NA,NA,NA,NA,NA,NA,NA,NA,NA,NA,NA,NA,NA,NA,NA,NA,NA,NA,NA,NA,NA,NA,NA
"99","FA8726-17-C-0004","Air Force","FFP",70,77,147,32,"","FA872617C0004",69416597,32012558.5938,0,0,2019-01-04 00:00:00,2017-05-03,2017-09-26,2017-05-03,0,2017,1,"5700","FA8726","1510","334419",NA,NA,1,"UCA",29652240.2684328,140,"[~2 months,~7 months)",10759076,"Defense","Air Force",1,0,0,0,0,1,NA,"D",NA,1,0,0,NA,0,0,1,"fed_uca/Pur",NA,"D",NA,"Def/Pur",9965798.4438681,NA,1,10759076,NA,2017-09-19,2017-05-25
"100","FA8730-16-C-0016","Air Force","CP",11,133,144,10.2,"","FA873016C0016",65610642,66069810.0391,0,0,2019-11-27 00:00:00,2016-03-24,2019-09-26,2016-03-24,0,2016,0,"5700","FA8730","5841","334511",NA,NA,1,"UCA",62306497.5849679,145,"[~2 months,~7 months)",7500000,"Defense","Air Force",1,0,0,1,0,0,NA,"D",NA,1,0,0,NA,1,0,0,"fed_uca/Pur",NA,"D",NA,"Def/Pur",7072802.71595624,NA,1,7500000,NA,2016-08-15,2016-07-19
"101","FA8611-08-C-2897","Air Force","CP",0,126,126,584.4,"","FA861108C2897",NA,NA,NA,NA,NA,NA,NA,NA,NA,NA,NA,NA,NA,NA,NA,NA,NA,NA,NA,NA,NA,NA,NA,NA,NA,NA,NA,NA,NA,NA,NA,NA,NA,NA,NA,NA,NA,NA,NA,NA,NA,NA,NA,NA,NA,NA,NA,NA,NA,NA,NA,NA,NA
"102","N00019-11-C-0036","Navy","CP",25,97,122,9,"","N0001911C0036",NA,NA,NA,NA,NA,NA,NA,NA,NA,NA,NA,NA,NA,NA,NA,NA,NA,NA,NA,NA,NA,NA,NA,NA,NA,NA,NA,NA,NA,NA,NA,NA,NA,NA,NA,NA,NA,NA,NA,NA,NA,NA,NA,NA,NA,NA,NA,NA,NA,NA,NA,NA,NA
"103","FA8611-08-C-2897","Air Force","FFP",0,108,108,12.7,"","FA861108C2897",NA,NA,NA,NA,NA,NA,NA,NA,NA,NA,NA,NA,NA,NA,NA,NA,NA,NA,NA,NA,NA,NA,NA,NA,NA,NA,NA,NA,NA,NA,NA,NA,NA,NA,NA,NA,NA,NA,NA,NA,NA,NA,NA,NA,NA,NA,NA,NA,NA,NA,NA,NA,NA
"104","FA8611-08-C-2896","Air Force","FFP/CP",0,108,108,221.3,"","FA861108C2896",NA,NA,NA,NA,NA,NA,NA,NA,NA,NA,NA,NA,NA,NA,NA,NA,NA,NA,NA,NA,NA,NA,NA,NA,NA,NA,NA,NA,NA,NA,NA,NA,NA,NA,NA,NA,NA,NA,NA,NA,NA,NA,NA,NA,NA,NA,NA,NA,NA,NA,NA,NA,NA
"105","FA8611-08-C-2896","Air Force","FFP/CP",0,102,102,198.3,"","FA861108C2896",NA,NA,NA,NA,NA,NA,NA,NA,NA,NA,NA,NA,NA,NA,NA,NA,NA,NA,NA,NA,NA,NA,NA,NA,NA,NA,NA,NA,NA,NA,NA,NA,NA,NA,NA,NA,NA,NA,NA,NA,NA,NA,NA,NA,NA,NA,NA,NA,NA,NA,NA,NA,NA
"106","FA8807-10-C-0001","Air Force","CP",0,97,97,26.7,"","FA880710C0001",NA,NA,NA,NA,NA,NA,NA,NA,NA,NA,NA,NA,NA,NA,NA,NA,NA,NA,NA,NA,NA,NA,NA,NA,NA,NA,NA,NA,NA,NA,NA,NA,NA,NA,NA,NA,NA,NA,NA,NA,NA,NA,NA,NA,NA,NA,NA,NA,NA,NA,NA,NA,NA
"107","W58RGZ-16-C-0030","Army","CP",48,44,92,25.1,"","W58RGZ16C0030",66918658,89044160.94,0,0,2020-09-30 12:09:00,2016-05-13,2019-01-22,2016-05-13,0,2016,0,"2100","W58RGZ","1095","541712","V","V",1,"UCA",83972237.7781969,93,"[~2 months,~7 months)",25090148,"Defense","Army",1,0,0,0,0,0,NA,"D",NA,1,0,0,NA,0,0,0,"fed_uca/Pur",NA,"D",NA,"Def/Pur",23661022.2557525,NA,1,25090148,2017-10-17,2016-08-13,2016-09-30
"108","F04701-02-D-0006 DO 239","Air Force","FFP",7,85,92,2.3,"F0470102D0006","239",NA,NA,NA,NA,NA,NA,NA,NA,NA,NA,NA,NA,NA,NA,NA,NA,NA,NA,NA,NA,NA,NA,NA,NA,NA,NA,NA,NA,NA,NA,NA,NA,NA,NA,NA,NA,NA,NA,NA,NA,NA,NA,NA,NA,NA,NA,NA,NA,NA,NA,NA,NA,NA
"109","N00019-17-C-0024","Navy","CP",0,89,89,80,"","N0001917C0024",69862620,84176199,0,0,2020-04-27 00:00:00,2017-05-25,2019-09-26,2017-05-25,0,2017,0,"1700","N00019","1680","336411","V","V",1,"UCA",77969802.7047054,90,"[~2 months,~7 months)",40463152,"Defense","Navy",1,0,0,1,0,0,NA,"D",NA,1,0,0,NA,1,0,0,"fed_uca/Pur",NA,"D",NA,"Def/Pur",37479762.8751389,NA,1,40463152,2017-08-22,2017-08-22,2017-11-02
"110","FA8726-09-C-0010","Air Force","CP",42,46,88,4.5,"","FA872609C0010",1424837,1578642295.0346,0,0,2018-02-02 00:00:00,2009-06-24,2018-06-08,2009-06-24,0,2009,1,"5700","FA8726","AC64","334419",NA,NA,1,"UCA",1654761315.5499,496,"(~1 year,~2 years]",336780667.5,"Defense","Air Force",1,0,NA,0,0,1,NA,"D",NA,1,0,NA,150056757.98,0,0,1,"fed_uca/Pur",NA,"D",NA,"Def/Pur",353019567.610063,NA,1,336780667.5,2010-08-31,2010-11-01,2009-07-29
"111","W56HZV-12-C-0130","Army","FFP",0,85,85,17,"","W56HZV12C0130",NA,NA,NA,NA,NA,NA,NA,NA,NA,NA,NA,NA,NA,NA,NA,NA,NA,NA,NA,NA,NA,NA,NA,NA,NA,NA,NA,NA,NA,NA,NA,NA,NA,NA,NA,NA,NA,NA,NA,NA,NA,NA,NA,NA,NA,NA,NA,NA,NA,NA,NA,NA,NA
"112","FA8625-12-C-6598","Air Force","FFP",0,83,83,304.3,"","FA862512C6598",NA,NA,NA,NA,NA,NA,NA,NA,NA,NA,NA,NA,NA,NA,NA,NA,NA,NA,NA,NA,NA,NA,NA,NA,NA,NA,NA,NA,NA,NA,NA,NA,NA,NA,NA,NA,NA,NA,NA,NA,NA,NA,NA,NA,NA,NA,NA,NA,NA,NA,NA,NA,NA
"113","FA8730-16-C-0050","Air Force","FFP/CP",31,49,80,8.7,"","FA873016C0050",65610661,10130257.75,0,0,2017-11-30 00:00:00,2016-08-30,2017-01-03,2016-08-30,NA,2016,1,"5700","FA8730","1230","334310","J","J",1,"UCA",9553241.9370049,81.0416666666667,"[~2 months,~7 months)",4392371,"Defense","Air Force",1,0,0,0,0,1,NA,"D",NA,1,0,0,NA,0,0,1,"fed_uca/Pur",NA,"D",NA,"Def/Pur",4142183.13843832,NA,1,4392371,NA,2016-11-18,2016-10-07
"114","FA8808-10-C-0001","Air Force","FFP",0,80,80,21,"","FA880810C0001",NA,NA,NA,NA,NA,NA,NA,NA,NA,NA,NA,NA,NA,NA,NA,NA,NA,NA,NA,NA,NA,NA,NA,NA,NA,NA,NA,NA,NA,NA,NA,NA,NA,NA,NA,NA,NA,NA,NA,NA,NA,NA,NA,NA,NA,NA,NA,NA,NA,NA,NA,NA,NA
"115","FA8814-15-C-0006","Air Force","CP",22,30,52,7.7,"","FA881415C0006",NA,NA,NA,NA,NA,NA,NA,NA,NA,NA,NA,NA,NA,NA,NA,NA,NA,NA,NA,NA,NA,NA,NA,NA,NA,NA,NA,NA,NA,NA,NA,NA,NA,NA,NA,NA,NA,NA,NA,NA,NA,NA,NA,NA,NA,NA,NA,NA,NA,NA,NA,NA,NA
"116","N00024-14-C-4411","Navy","FFP",0,48,48,37.5,"","N0002414C4411",27204029,44301290,0,0,2014-10-10 00:00:00,2014-01-21,2016-12-08,2014-01-21,NA,2014,1,"1700","N00024","J999","336611","J","J",1,"UCA",42675358.8286292,48.9583333333333,"[0 months,~2 months)",37527825,"Defense","Navy",1,0,0,1,0,0,NA,"D",NA,1,0,0,NA,1,0,0,"fed_uca/Pur",NA,"D",NA,"Def/Pur",36150491.2821501,NA,1,37527825,NA,2014-03-10,2014-04-03
